V0,V1,D
EDDM,DMN01_FL000,1583.564
EDDM,DMS11_FL000,1587.914
EDDM,DMN11_FL000,2804.134
EDDM,DMS01_FL000,2832.046
EDNY,R1816_FL000,905.464
EDNY,R1817_FL000,970.894
EDNY,FHA01_FL000,5019.536
LIPB,BOLZANO_FL000,520.174
LIPB,IBZ04_FL000,8583.194
LIPB,VESAL_FL000,30893.896
LIPB,BAKOR_FL000,34927.280
LOWG,R1803_FL000,1506.554
LOWG,KOGEX_FL000,17833.444
LOWI,OEV00_FL000,715.118
LOWI,OEJ11_FL000,1674.095
LOWI,NORTO_FL000,6989.376
LOWK,NAKUM_FL000,9234.706
LOWK,KLAGENFURT_FL000,15124.199
LOWK,TELSI_FL000,24102.331
LOWK,YESEN_FL000,26326.081
LOWK,VILLACH_FL000,32831.775
LOWL,R1819_FL000,1344.754
LOWL,LNZ10_FL000,17023.433
LOWL,NAMAG_FL000,24736.735
LOWS,MORED_FL000,9272.440
LOWS,SALZBURG_FL000,10393.434
LOWS,PEREX_FL000,24764.736
LOWS,UNKEN_FL000,25691.310
LOWW,BRK63_FL000,534.715
LOWW,WW110_FL000,2432.330
LOWW,WW140_FL000,4817.306
LZIB,OBLLZ_FL000,1292.544
LZIB,R1756_FL000,1460.883
LZIB,R1757_FL000,2054.312
LZIB,OKR18_FL000,4517.230
4711E_FL000,LUXEK_FL000,11277.037
4711E_FL000,RTT04_FL000,15835.066
4711E_FL000,KOGOL_FL000,27668.781
4711E_FL000,ABINN_FL000,31194.991
4812E_FL000,ARTUS_FL000,10562.844
4812E_FL000,RTT12_FL000,11353.706
4812E_FL000,TURBU_FL000,14987.861
4812E_FL000,RTT06_FL000,16422.813
4812E_FL000,LOFER_FL000,29439.680
4812E_FL000,CHIEM_FL000,31080.384
AALEN_FL000,TEKSI_FL000,10597.311
AALEN_FL000,ABGAS_FL000,20319.309
AALEN_FL000,LAUPHEIM_FL000,45137.064
ABABI_FL000,GONBA_FL000,19071.968
ABABI_FL000,DEGIN_FL000,19102.570
ABABI_FL000,EGGENFELDEN_FL000,21467.825
ABABI_FL000,AKIMA_FL000,30147.516
ABABI_FL000,ESEGA_FL000,31977.182
ABETI_FL000,PESAT_FL000,5123.230
ABETI_FL000,WW975_FL000,10791.867
ABETI_FL000,SIRDU_FL000,52851.570
ABGAS_FL000,DODIL_FL000,20417.465
ABGAS_FL000,REDVO_FL000,23285.192
ABGAS_FL000,LCH97_FL000,29255.801
ABINN_FL000,NORIN_FL000,5964.815
ABINN_FL000,ABSAM_FL000,9669.585
ABIRI_FL000,RADLY_FL000,22462.858
ABIRI_FL000,KLAGY_FL000,31264.620
ABIRI_FL000,KLAGENFURT_FL000,36413.080
ABIRI_FL000,GRAZ_FL000,41304.731
ABIRI_FL000,GRZNB_FL000,41304.731
ABIRI_FL000,KOGEX_FL000,45928.633
ABIRI_FL000,NIMDU_FL000,47645.373
ABISI_FL000,STAUB_FL000,17092.900
ABISI_FL000,RODING_FL000,22232.977
ABISI_FL000,GONBA_FL000,34202.714
ABISI_FL000,LALIN_FL000,34770.749
ABLOM_FL000,OB249_FL000,5424.602
ABLOM_FL000,WW005_FL000,9081.726
ABLOM_FL000,WW849_FL000,9115.158
ABLOM_FL000,WW955_FL000,10677.608
ABREG_FL000,CORVATSCH_FL000,24140.963
ABRUK_FL000,LEOBE_FL000,2649.152
ABRUK_FL000,GRZ40_FL000,15937.133
ABTAL_FL000,ULMEX_FL000,6186.274
ABTAL_FL000,ELVAG_FL000,14836.690
ABTAL_FL000,KEMAV_FL000,18867.489
ABTAL_FL000,RIXED_FL000,22971.101
ADILO_FL000,KTI08_FL000,6407.736
ADILO_FL000,KTI04_FL000,8046.400
ADILO_FL000,LEMSO_FL000,11347.727
ADLET_FL000,LNZ20_FL000,14341.535
ADLET_FL000,VENEN_FL000,17811.837
ADLET_FL000,DEGAB_FL000,31082.632
ADLET_FL000,BUDEX_FL000,42420.682
AKIMA_FL000,SUBEN_FL000,3246.340
AKIMA_FL000,ESEGA_FL000,16096.561
AKIMA_FL000,VELOM_FL000,25525.337
AKINI_FL000,MAMOR_FL000,16751.317
AKINI_FL000,VAMAS_FL000,18356.049
AKINI_FL000,MBG03_FL000,20216.141
AKINI_FL000,LANDU_FL000,20291.159
AKINI_FL000,SIGGI_FL000,20295.703
AKINI_FL000,DM412_FL000,20886.549
ALAGO_FL000,RUSOT_FL000,9175.745
ALAGO_FL000,FHA01_FL000,10234.618
ALAGO_FL000,ETOXU_FL000,10514.326
ALAGO_FL000,MILKA_FL000,12764.417
ALESE_FL000,SUMIR_FL000,3838.736
ALESE_FL000,VESAL_FL000,27187.748
ALGOI_FL000,KPT23_FL000,7076.804
ALGOI_FL000,FUSSE_FL000,14782.277
ALGOI_FL000,NEBEL_FL000,16827.228
ALMER_FL000,BAGSI_FL000,5392.568
ALMER_FL000,LIMRA_FL000,14731.821
ALMER_FL000,LNZ24_FL000,18202.194
ALONU_FL000,DM457_FL000,3084.081
ALONU_FL000,DM082_FL000,3297.964
ALONU_FL000,DM456_FL000,5651.672
ALONU_FL000,DM094_FL000,5746.438
AMADI_FL000,BADIT_FL000,10039.983
AMADI_FL000,SBGNB_FL000,13842.240
AMADI_FL000,SIMBA_FL000,17192.830
AMADI_FL000,MAGIT_FL000,46348.609
AMEMI_FL000,EDJA_FL000,11907.083
AMEMI_FL000,NORGU_FL000,20508.877
AMEMI_FL000,KEMPTEN_FL000,21441.982
AMEMI_FL000,ROREM_FL000,24337.172
AMEMI_FL000,ESISO_FL000,25595.457
AMEXO_FL000,LCH50_FL000,1450.157
AMEXO_FL000,LCH08_FL000,5968.851
AMEXO_FL000,LCH16_FL000,8924.831
AMEXO_FL000,LCH99_FL000,25566.792
AMPEG_FL000,DM450_FL000,8699.422
AMPEG_FL000,OBERPFAFFENHOFEN_FL000,9819.446
AMPEG_FL000,R2115_FL000,9833.175
AMPEG_FL000,OBI16_FL000,9868.970
AMPEG_FL000,LANDSBERG_FL000,12530.538
AMRIS_FL000,ROMGA_FL000,2147.412
AMRIS_FL000,BODAN_FL000,10580.882
ANDEC_FL000,KONIN_FL000,3813.321
ANDEC_FL000,DISUN_FL000,17317.903
ANDEC_FL000,BETOS_FL000,20202.776
ANDEC_FL000,OBI16_FL000,20237.044
ANDEC_FL000,OBAXA_FL000,28337.884
ANKER_FL000,DM412_FL000,876.452
ANKER_FL000,DM057_FL000,3945.098
ANKER_FL000,DM065_FL000,3945.098
ARNOS_FL000,GIMIX_FL000,11264.242
ARNOS_FL000,GILIN_FL000,11568.563
ARNOS_FL000,KANIN_FL000,12094.324
ARNOS_FL000,URAVA_FL000,14202.351
ARNOS_FL000,VEKEN_FL000,14729.966
ARNOS_FL000,NOKDA_FL000,35265.458
ARSIN_FL000,SOPRO_FL000,4421.572
ARSIN_FL000,WW891_FL000,13898.752
ARSIN_FL000,STEIN_FL000,19257.551
ARSUT_FL000,MENGEN_FL000,12821.335
ARSUT_FL000,UTABA_FL000,13923.400
ARTUS_FL000,GASNA_FL000,13657.931
ARTUS_FL000,NANIT_FL000,15564.113
ARTUS_FL000,RTT06_FL000,15700.770
ARTUS_FL000,LOFER_FL000,28668.538
ASTUT_FL000,NERDU_FL000,31585.197
ASTUT_FL000,KOVEL_FL000,33798.585
ASTUT_FL000,WW675_FL000,34409.730
ASTUT_FL000,LANUX_FL000,34531.859
ASTUT_FL000,TEMTA_FL000,40096.304
ASTUT_FL000,MIKOV_FL000,42073.242
ASTUT_FL000,LKNA_FL000,44527.190
ATRIG_FL000,SOTOV_FL000,7741.239
ATRIG_FL000,OGEPI_FL000,12874.431
ATRIG_FL000,BRENO_FL000,13494.962
ATRIG_FL000,UNIMI_FL000,15464.850
B0001_FL000,B0002_FL000,184.981
B0001_FL000,OBLLZ_FL000,1706.396
B0002_FL000,MAREG_FL000,15767.045
BABEG_FL000,DS435_FL000,44.373
BABEG_FL000,DS523_FL000,3803.160
BADIT_FL000,KIRDI_FL000,4910.748
BADIT_FL000,SIMBA_FL000,15300.472
BADIT_FL000,TITIG_FL000,23550.069
BADVI_FL000,TULSI_FL000,12140.922
BADVI_FL000,MUN55_FL000,12688.802
BADVI_FL000,TURBU_FL000,12882.853
BADVI_FL000,RTT12_FL000,15382.891
BADVI_FL000,MANAL_FL000,21660.894
BAGSI_FL000,LNZ01_FL000,3255.091
BAGSI_FL000,OGRUB_FL000,31078.984
BAKOR_FL000,VESAL_FL000,24357.352
BAKOR_FL000,OGEPI_FL000,34678.820
BAKOR_FL000,OLPIX_FL000,40912.894
BAKOR_FL000,DETSA_FL000,47310.867
BALAD_FL000,WIERNER_FL000,8916.350
BALAD_FL000,WW301_FL000,21615.664
BALAD_FL000,DIVAL_FL000,24880.078
BALAD_FL000,WW901_FL000,26660.797
BAMUR_FL000,LSZR_FL000,6687.237
BAMUR_FL000,BODAN_FL000,8396.520
BAMUR_FL000,NUNRI_FL000,9407.361
BAMUR_FL000,ROMGA_FL000,12116.597
BARUG_FL000,BARUV_FL000,9343.052
BARUG_FL000,WW116_FL000,12805.692
BARUG_FL000,GRZ40_FL000,57677.915
BARUV_FL000,WW116_FL000,15504.927
BARUV_FL000,WW148_FL000,17291.195
BARUV_FL000,WW117_FL000,24382.121
BARUV_FL000,OSPEN_FL000,45615.992
BAVAX_FL000,DM453_FL000,2317.406
BAVAX_FL000,DM542_FL000,2408.896
BAVAX_FL000,DM050_FL000,3656.270
BEGEN_FL000,DM061_FL000,2399.383
BEGEN_FL000,DM032_FL000,2565.223
BEGEN_FL000,DM041_FL000,3063.047
BEGEN_FL000,DM452_FL000,10547.881
BEGEN_FL000,MUN13_FL000,11686.520
BEGLA_FL000,WW954_FL000,3691.183
BEGLA_FL000,EVAXI_FL000,5967.790
BEGLA_FL000,WW953_FL000,10446.344
BEPAS_FL000,PASAU_FL000,14851.927
BEPAS_FL000,LUSAN_FL000,16585.699
BEPAS_FL000,LALIN_FL000,19663.600
BEPAS_FL000,VADOV_FL000,42475.959
BERAS_FL000,OEV17_FL000,2609.375
BERAS_FL000,OEV22_FL000,7955.676
BESNI_FL000,NEU01_FL000,7567.971
BESNI_FL000,NEU44_FL000,8203.018
BESNI_FL000,TEGBA_FL000,10488.093
BESNI_FL000,ROKIL_FL000,14567.305
BETOS_FL000,SUMUG_FL000,957.612
BIKBI_FL000,MEXIT_FL000,6734.264
BIKBI_FL000,RUSOT_FL000,11186.337
BIKBI_FL000,MENGEN_FL000,11605.771
BIRGI_FL000,OEV22_FL000,5039.206
BIRGI_FL000,RATTENBERG_FL000,9245.281
BIRGI_FL000,GASNA_FL000,19791.828
BIXEL_FL000,DINOG_FL000,10621.858
BIXEL_FL000,STAUB_FL000,11197.876
BIXEL_FL000,DEGIN_FL000,13918.913
BIXEL_FL000,VAMAS_FL000,15923.561
BODAN_FL000,FHA52_FL000,5939.656
BODAN_FL000,FHA35_FL000,5991.277
BOLMU_FL000,ODNEM_FL000,21387.678
BOLMU_FL000,BRNO_FL000,22334.275
BOLMU_FL000,MORKO_FL000,26454.893
BOLMU_FL000,LEDVA_FL000,31057.876
BOLMU_FL000,MIKOV_FL000,33146.383
BRENO_FL000,MATAR_FL000,9373.457
BRENO_FL000,GOGEM_FL000,12128.026
BRENO_FL000,INNSBRUCK_FL000,27865.051
BRENO_FL000,OEJ14_FL000,28386.800
BRK63_FL000,R1804_FL000,386.444
BRK94_FL000,WO114_FL000,327.184
BRK94_FL000,WW596_FL000,519.222
BRK94_FL000,WW110_FL000,646.381
BUDEX_FL000,CESKE_FL000,13095.189
BUDEX_FL000,VADOV_FL000,33275.888
BUDEX_FL000,DEGAB_FL000,40061.352
BURAM_FL000,NEU08_FL000,4781.841
BURAM_FL000,NEU24_FL000,8132.466
BURAM_FL000,DONIX_FL000,14269.714
BURAM_FL000,RIDAR_FL000,16043.578
BURAM_FL000,XERUM_FL000,18476.770
BUREG_FL000,LCH27_FL000,5286.237
BUREG_FL000,LELTA_FL000,9088.641
BUREG_FL000,ROKIL_FL000,12988.786
BZO22_FL000,ENOGO_FL000,8376.423
BZO22_FL000,GIRIS_FL000,8744.188
BZO22_FL000,TISAX_FL000,13108.117
CHIEM_FL000,DM076_FL000,11028.631
CHIEM_FL000,INSOL_FL000,12341.939
CHIEM_FL000,TRAUN_FL000,19300.025
CHIEM_FL000,LOMRO_FL000,20551.761
DEGAB_FL000,PASAU_FL000,23203.450
DEGAB_FL000,PABSA_FL000,24314.508
DEGAB_FL000,FREISTADT_FL000,33772.395
DEGAB_FL000,VADOV_FL000,47257.675
DEGIN_FL000,DINOG_FL000,14076.066
DEGIN_FL000,EGGENFELDEN_FL000,22948.191
DEGUM_FL000,GILIN_FL000,2912.914
DEGUM_FL000,KANIN_FL000,6091.660
DENED_FL000,KTI04_FL000,6617.258
DENED_FL000,KUHTAI_FL000,7483.199
DENED_FL000,OEJ20_FL000,9334.880
DENED_FL000,NORTO_FL000,12448.082
DENUX_FL000,WW381_FL000,2087.741
DENUX_FL000,WW115_FL000,13791.826
DENUX_FL000,TAGAS_FL000,17101.373
DEPIN_FL000,DM450_FL000,7658.945
DEPIN_FL000,DM440_FL000,10094.911
DEPIN_FL000,LCH05_FL000,11306.403
DEPIN_FL000,LANDSBERG_FL000,15499.360
DETSA_FL000,VENOG_FL000,16936.734
DETSA_FL000,MALUG_FL000,26378.951
DILIT_FL000,DITIS_FL000,16462.157
DILIT_FL000,DESNA_FL000,17104.095
DILIT_FL000,KOVEL_FL000,28472.277
DILIT_FL000,WW192_FL000,41251.027
DIMLO_FL000,TISKO_FL000,32864.208
DIMLO_FL000,RATGO_FL000,33180.531
DIMLO_FL000,NIDLO_FL000,35233.947
DIMLO_FL000,NALOX_FL000,36658.139
DIMLO_FL000,GOTAR_FL000,38063.447
DIMUP_FL000,NEBEL_FL000,10209.496
DIMUP_FL000,FUSSE_FL000,20558.476
DIMUP_FL000,NYW04_FL000,41748.947
DIMUP_FL000,NUNRI_FL000,42503.785
DIMUP_FL000,ESISO_FL000,43052.967
DIMUP_FL000,VEBEG_FL000,46990.821
DINOG_FL000,VAMAS_FL000,16120.397
DINOG_FL000,DM429_FL000,16746.588
DINOG_FL000,LANDU_FL000,17869.507
DISUN_FL000,EURACH_FL000,17839.488
DISUN_FL000,OBI16_FL000,24841.942
DISUN_FL000,TEGAD_FL000,26029.358
DISUN_FL000,LCH16_FL000,26532.383
DISUN_FL000,LANDSBERG_FL000,26588.546
DITIS_FL000,TEMLI_FL000,28217.437
DITIS_FL000,GIMBO_FL000,31470.004
DITIS_FL000,LADAG_FL000,34803.829
DITIS_FL000,CESKE_FL000,44241.269
DIVAL_FL000,NIGSI_FL000,21817.271
DIVAL_FL000,WW902_FL000,28172.251
DIVAL_FL000,PUBEG_FL000,35442.730
DIVAL_FL000,STEIN_FL000,38054.731
DIVAL_FL000,SASAL_FL000,39693.529
DIVAL_FL000,WW976_FL000,40091.625
DM010_FL000,MBG03_FL000,254.208
DM010_FL000,DM428_FL000,10028.698
DM010_FL000,DM427_FL000,16129.697
DM011_FL000,MBG11_FL000,126.706
DM011_FL000,GUDEG_FL000,4764.471
DM011_FL000,DM428_FL000,9208.775
DM014_FL000,DM531_FL000,0.316
DM014_FL000,DMN35_FL000,55.708
DM014_FL000,DM067_FL000,152.606
DM015_FL000,DMN35_FL000,174.496
DM015_FL000,DM060_FL000,1044.663
DM015_FL000,DMS31_FL000,2382.330
DM020_FL000,MUN17_FL000,526.010
DM020_FL000,DM068_FL000,3652.234
DM020_FL000,MILLDORF_FL000,7007.724
DM021_FL000,MDF11_FL000,257.710
DM021_FL000,GUDEG_FL000,4175.118
DM021_FL000,MBG11_FL000,5159.109
DM021_FL000,DM448_FL000,7119.689
DM024_FL000,DM541_FL000,0.222
DM024_FL000,MSE34_FL000,115.956
DM025_FL000,MUN40_FL000,7393.373
DM025_FL000,DM454_FL000,9270.811
DM025_FL000,DM455_FL000,9617.893
DM025_FL000,EUR29_FL000,16691.121
DM026_FL000,DMS26_FL000,440.130
DM026_FL000,DM541_FL000,738.291
DM030_FL000,DM421_FL000,3259.382
DM030_FL000,DM063_FL000,4929.786
DM030_FL000,DM055_FL000,5142.831
DM030_FL000,VEMUG_FL000,13449.459
DM031_FL000,WLD18_FL000,286.099
DM031_FL000,MSE14_FL000,3514.507
DM031_FL000,DM036_FL000,3692.213
DM031_FL000,DM421_FL000,9879.420
DM032_FL000,MAGAT_FL000,182.484
DM032_FL000,DM443_FL000,7849.949
DM033_FL000,MNE32_FL000,78.089
DM033_FL000,DM067_FL000,3332.074
DM034_FL000,DM551_FL000,0.314
DM034_FL000,DMN02_FL000,147.701
DM035_FL000,MIKE_FL000,2741.211
DM035_FL000,DM064_FL000,6790.482
DM035_FL000,MIQ23_FL000,6853.017
DM035_FL000,LASMI_FL000,6891.399
DM036_FL000,DM053_FL000,1953.009
DM036_FL000,DM058_FL000,2297.136
DM036_FL000,DM431_FL000,3593.889
DM040_FL000,MUN18_FL000,268.963
DM040_FL000,OBI07_FL000,1772.244
DM041_FL000,MAH06_FL000,100.607
DM041_FL000,DMS14_FL000,1063.869
DM044_FL000,DM561_FL000,0.556
DM044_FL000,DM080_FL000,825.630
DM044_FL000,MNW01_FL000,2284.391
DM049_FL000,DMS31_FL000,630.498
DM049_FL000,DMS26_FL000,787.210
DM049_FL000,DMN35_FL000,2254.881
DM050_FL000,DM542_FL000,3116.087
DM050_FL000,DMS31_FL000,5497.322
DM050_FL000,DM051_FL000,6548.783
DM051_FL000,DM052_FL000,1696.896
DM051_FL000,DM066_FL000,2422.484
DM051_FL000,DMS31_FL000,3578.926
DM052_FL000,DM443_FL000,2063.164
DM052_FL000,DM433_FL000,2323.848
DM053_FL000,MSE14_FL000,1300.267
DM053_FL000,DM058_FL000,2683.600
DM054_FL000,MSE20_FL000,2438.114
DM054_FL000,DM062_FL000,2873.362
DM055_FL000,DM063_FL000,3757.086
DM055_FL000,DM422_FL000,5988.421
DM055_FL000,WLD18_FL000,8539.277
DM056_FL000,DM064_FL000,343.203
DM056_FL000,OLETU_FL000,2865.864
DM056_FL000,DM411_FL000,9855.196
DM057_FL000,DM065_FL000,0.000
DM057_FL000,MBG12_FL000,2501.927
DM057_FL000,DM427_FL000,8500.759
DM058_FL000,DM431_FL000,2853.218
DM058_FL000,DM441_FL000,3447.762
DM058_FL000,DM059_FL000,6255.125
DM059_FL000,DM451_FL000,3654.329
DM059_FL000,MAH46_FL000,4135.652
DM059_FL000,MAISACH_FL000,4525.311
DM059_FL000,DM441_FL000,6444.280
DM059_FL000,DMS14_FL000,7092.900
DM060_FL000,MUNCHEN_FL000,1266.907
DM060_FL000,DM532_FL000,3863.922
DM061_FL000,MAGAT_FL000,1631.477
DM061_FL000,WLD18_FL000,2819.936
DM061_FL000,MAH06_FL000,3814.295
DM062_FL000,DM430_FL000,3282.806
DM062_FL000,DM420_FL000,9754.717
DM063_FL000,SITKU_FL000,5408.444
DM064_FL000,LASMI_FL000,8958.481
DM064_FL000,DM424_FL000,9328.950
DM065_FL000,MBG12_FL000,2501.927
DM065_FL000,DM427_FL000,8500.759
DM066_FL000,MUNCHEN_FL000,1114.649
DM066_FL000,DM433_FL000,3135.902
DM068_FL000,EBEDA_FL000,8591.043
DM068_FL000,ELMUG_FL000,9273.565
DM070_FL000,DMN19_FL000,46.326
DM070_FL000,DMN18_FL000,140.503
DM070_FL000,DM084_FL000,2227.306
DM071_FL000,DM436_FL000,1690.328
DM071_FL000,MNW10_FL000,1868.946
DM071_FL000,DM083_FL000,2304.464
DM071_FL000,MBG13_FL000,7309.823
DM072_FL000,DM087_FL000,603.022
DM072_FL000,DM085_FL000,1691.606
DM072_FL000,DM090_FL000,1794.700
DM072_FL000,DMN21_FL000,2477.985
DM073_FL000,DM085_FL000,2594.515
DM073_FL000,DM090_FL000,2667.649
DM073_FL000,DM077_FL000,3163.171
DM073_FL000,DM091_FL000,4170.407
DM073_FL000,DM552_FL000,4260.909
DM074_FL000,DM094_FL000,1341.949
DM074_FL000,NELBI_FL000,2714.607
DM074_FL000,MNW10_FL000,3815.240
DM075_FL000,MUN81_FL000,6573.845
DM075_FL000,OBAXA_FL000,10588.827
DM075_FL000,MUN04_FL000,13839.772
DM075_FL000,LAKOL_FL000,16340.612
DM076_FL000,ROTIN_FL000,9334.948
DM076_FL000,ROTAX_FL000,10399.876
DM077_FL000,DM090_FL000,2643.799
DM077_FL000,MNW01_FL000,4232.108
DM077_FL000,DM091_FL000,5181.867
DM077_FL000,DM426_FL000,5617.746
DM077_FL000,MNW68_FL000,5682.233
DM077_FL000,MBG13_FL000,6087.097
DM078_FL000,DM086_FL000,3.617
DM078_FL000,DM082_FL000,4631.883
DM078_FL000,ERDING_FL000,5086.015
DM078_FL000,DM562_FL000,5281.856
DM079_FL000,MBG13_FL000,1916.212
DM079_FL000,DM427_FL000,2968.803
DM079_FL000,MBG12_FL000,9448.438
DM080_FL000,DM446_FL000,1908.950
DM080_FL000,MNW01_FL000,2412.805
DM080_FL000,ERDING_FL000,3741.661
DM081_FL000,DM446_FL000,1432.802
DM081_FL000,DM083_FL000,1794.186
DM081_FL000,DM436_FL000,2310.111
DM082_FL000,ERDING_FL000,3297.616
DM082_FL000,DM094_FL000,4826.236
DM082_FL000,DM083_FL000,5497.146
DM083_FL000,MSW39_FL000,291.213
DM084_FL000,DMS83_FL000,167.317
DM084_FL000,MSW35_FL000,1857.507
DM084_FL000,DMN18_FL000,2223.748
DM085_FL000,DM090_FL000,1067.738
DM086_FL000,DM456_FL000,1352.422
DM087_FL000,MNW01_FL000,2607.953
DM088_FL000,DM091_FL000,525.788
DM088_FL000,DM552_FL000,2050.531
DM088_FL000,DM089_FL000,14292.121
DM089_FL000,MIQ23_FL000,8697.211
DM089_FL000,LASMI_FL000,9391.200
DM089_FL000,MBG12_FL000,10757.156
DM089_FL000,EVIVA_FL000,13120.613
DM089_FL000,DM552_FL000,14314.354
DM091_FL000,DM426_FL000,3548.715
DM094_FL000,MSW10_FL000,2550.167
DM411_FL000,SITKU_FL000,6247.407
DM411_FL000,MIKE_FL000,7924.001
DM411_FL000,DM422_FL000,12206.719
DM412_FL000,MBG03_FL000,12800.214
DM412_FL000,SIGGI_FL000,26258.367
DM420_FL000,LCH04_FL000,4820.012
DM420_FL000,DM430_FL000,9431.735
DM420_FL000,VEMUG_FL000,12881.820
DM420_FL000,DM421_FL000,13783.518
DM421_FL000,DM431_FL000,9510.763
DM421_FL000,VEMUG_FL000,13835.717
DM422_FL000,OLETU_FL000,7546.724
DM422_FL000,DM423_FL000,7560.984
DM422_FL000,MAGAT_FL000,9886.161
DM422_FL000,DM433_FL000,11257.982
DM423_FL000,OLETU_FL000,3566.980
DM423_FL000,DM532_FL000,6960.843
DM423_FL000,DM424_FL000,7560.969
DM423_FL000,DM433_FL000,9536.309
DM424_FL000,DM532_FL000,6054.280
DM424_FL000,DM425_FL000,7560.721
DM424_FL000,LASMI_FL000,10781.675
DM425_FL000,DM552_FL000,1900.970
DM425_FL000,LASMI_FL000,12782.540
DM426_FL000,MBG13_FL000,3832.241
DM426_FL000,MBG12_FL000,8301.593
DM427_FL000,GUDEG_FL000,10122.172
DM427_FL000,DM428_FL000,12909.546
DM428_FL000,DM438_FL000,9609.661
DM428_FL000,MOOSBURG_FL000,11103.355
DM428_FL000,DM429_FL000,12909.427
DM429_FL000,DM439_FL000,9431.442
DM429_FL000,VIBUG_FL000,9701.795
DM429_FL000,MOOSBURG_FL000,12405.493
DM430_FL000,DM440_FL000,2292.346
DM430_FL000,LCH04_FL000,8840.767
DM431_FL000,DM441_FL000,2744.954
DM433_FL000,DM443_FL000,2742.074
DM436_FL000,MNW68_FL000,270.643
DM436_FL000,MBG13_FL000,7375.338
DM438_FL000,DM448_FL000,2748.156
DM438_FL000,MBG11_FL000,6650.331
DM438_FL000,DM439_FL000,11064.304
DM438_FL000,DM449_FL000,11301.120
DM439_FL000,DM449_FL000,2307.012
DM439_FL000,VIBUG_FL000,7330.214
DM440_FL000,DM450_FL000,9615.101
DM441_FL000,MSE20_FL000,3569.291
DM441_FL000,MAISACH_FL000,5063.589
DM443_FL000,DM452_FL000,10686.490
DM446_FL000,MNW68_FL000,2624.350
DM446_FL000,ERDING_FL000,3476.963
DM448_FL000,MBG11_FL000,6232.411
DM448_FL000,DM458_FL000,9622.316
DM448_FL000,DM459_FL000,15813.682
DM449_FL000,DM459_FL000,9615.747
DM450_FL000,MAISACH_FL000,10391.897
DM450_FL000,OBI55_FL000,14682.980
DM451_FL000,MAH46_FL000,3129.433
DM451_FL000,OBI07_FL000,7648.942
DM452_FL000,MUN13_FL000,5599.476
DM452_FL000,DM453_FL000,7559.109
DM452_FL000,EUR29_FL000,8527.930
DM453_FL000,EUR29_FL000,10151.425
DM454_FL000,DM542_FL000,3759.255
DM454_FL000,DM455_FL000,7559.381
DM455_FL000,DM562_FL000,2190.845
DM456_FL000,DM461_FL000,14352.780
DM456_FL000,EBEVO_FL000,14499.893
DM456_FL000,MUN40_FL000,15787.079
DM457_FL000,MDF11_FL000,10350.117
DM457_FL000,DM461_FL000,12204.974
DM457_FL000,DM458_FL000,12907.193
DM457_FL000,MUN17_FL000,14392.857
DM458_FL000,MUN17_FL000,6708.698
DM458_FL000,MDF11_FL000,10822.263
DM458_FL000,DM459_FL000,12907.398
DM459_FL000,MUN82_FL000,8338.856
DM459_FL000,MILLDORF_FL000,9216.522
DM460_FL000,OBIKA_FL000,2067.182
DM460_FL000,EUR29_FL000,4252.875
DM461_FL000,EBEDA_FL000,3555.968
DM461_FL000,EBEVO_FL000,5278.758
DM551_FL000,DMN19_FL000,12.321
DM561_FL000,DMS83_FL000,5522.209
DM562_FL000,DMS83_FL000,8186.988
DMN01_FL000,R2130_FL000,156.214
DMN02_FL000,DMN21_FL000,239.352
DMN11_FL000,R2133_FL000,168.483
DMN11_FL000,MSW35_FL000,2264.846
DMN18_FL000,MNW32_FL000,506.176
DMN19_FL000,DMN21_FL000,186.827
DMN35_FL000,DMS26_FL000,2337.170
DMS01_FL000,R2131_FL000,157.136
DMS01_FL000,MNE32_FL000,2279.557
DMS11_FL000,R2132_FL000,151.274
DMS14_FL000,MSE14_FL000,1189.027
DMS14_FL000,MAH46_FL000,7759.451
DMS31_FL000,MUNCHEN_FL000,2773.359
DODIL_FL000,REDVO_FL000,12129.517
DODIL_FL000,NORDLINGEN_FL000,15647.548
DODIL_FL000,XERUM_FL000,16699.777
DOMAL_FL000,LUSAN_FL000,11411.493
DOMAL_FL000,VADOV_FL000,39820.262
DONAX_FL000,DS524_FL000,2160.416
DONAX_FL000,DS514_FL000,5340.701
DONAX_FL000,DS523_FL000,7166.277
DONAX_FL000,DS513_FL000,8658.886
DONIX_FL000,REDVO_FL000,6005.000
DONIX_FL000,RIDAR_FL000,12202.449
DONIX_FL000,XERUM_FL000,13132.462
DS011_FL000,TGO10_FL000,81.126
DS011_FL000,DS517_FL000,4319.503
DS011_FL000,DS427_FL000,14412.479
DS020_FL000,LUBURG_FL000,18.940
DS021_FL000,LBU41_FL000,434.920
DS021_FL000,DS035_FL000,4348.711
DS021_FL000,DS032_FL000,4457.749
DS021_FL000,DS425_FL000,4722.778
DS026_FL000,DS030_FL000,0.000
DS026_FL000,DS036_FL000,247.605
DS026_FL000,DS037_FL000,2601.110
DS030_FL000,DS036_FL000,247.605
DS030_FL000,DS037_FL000,2601.110
DS031_FL000,SG005_FL000,258.920
DS031_FL000,DS625_FL000,2619.125
DS031_FL000,DS725_FL000,3956.682
DS032_FL000,SG010_FL000,2239.528
DS032_FL000,DS035_FL000,2643.542
DS033_FL000,SG005_FL000,3564.606
DS033_FL000,DS517_FL000,4217.311
DS033_FL000,DS037_FL000,4384.990
DS033_FL000,DS034_FL000,5458.876
DS034_FL000,DS410_FL000,245.472
DS034_FL000,DS037_FL000,5287.526
DS034_FL000,DS517_FL000,6822.196
DS035_FL000,DS512_FL000,1618.000
DS035_FL000,DS526_FL000,7532.960
DS036_FL000,DS725_FL000,166.689
DS037_FL000,IBIRU_FL000,8496.054
DS038_FL000,DS425_FL000,98.251
DS038_FL000,UNSER_FL000,5834.792
DS410_FL000,IBIRU_FL000,6729.979
DS410_FL000,DS427_FL000,11919.659
DS425_FL000,DS531_FL000,3525.318
DS426_FL000,DS435_FL000,35.470
DS426_FL000,DS522_FL000,6585.900
DS426_FL000,DS542_FL000,6882.441
DS427_FL000,SUDEN_FL000,2566.365
DS435_FL000,DS543_FL000,4330.915
DS436_FL000,DS520_FL000,4554.477
DS436_FL000,REUTL_FL000,7642.903
DS511_FL000,DS532_FL000,1765.169
DS511_FL000,LBU41_FL000,3830.035
DS511_FL000,DS513_FL000,10447.620
DS512_FL000,DS513_FL000,7390.547
DS512_FL000,DS522_FL000,7398.430
DS512_FL000,DS523_FL000,10452.299
DS513_FL000,DS514_FL000,7387.454
DS513_FL000,DS523_FL000,7407.252
DS513_FL000,DS533_FL000,9154.855
DS514_FL000,DS534_FL000,9146.014
DS514_FL000,DS515_FL000,11080.321
DS514_FL000,DS533_FL000,11721.102
DS515_FL000,MALAB_FL000,4487.754
DS515_FL000,DS525_FL000,7424.821
DS515_FL000,DS535_FL000,9137.527
DS517_FL000,ETAGO_FL000,6339.784
DS520_FL000,SUDEN_FL000,9481.239
DS522_FL000,DS526_FL000,354.396
DS522_FL000,DS523_FL000,7390.202
DS522_FL000,DS542_FL000,7400.076
DS523_FL000,DS524_FL000,7387.046
DS523_FL000,DS544_FL000,10441.632
DS524_FL000,DS544_FL000,7400.146
DS524_FL000,DS545_FL000,9746.479
DS524_FL000,DS525_FL000,11079.851
DS525_FL000,MALAB_FL000,8417.527
DS525_FL000,DS545_FL000,8791.426
DS525_FL000,TEKSI_FL000,12855.090
DS526_FL000,TGO10_FL000,5168.582
DS526_FL000,DS542_FL000,7407.810
DS531_FL000,LBU45_FL000,4519.543
DS532_FL000,LBU45_FL000,7352.406
DS532_FL000,DS533_FL000,7380.589
DS532_FL000,NOTGA_FL000,13914.926
DS533_FL000,DS534_FL000,7387.856
DS533_FL000,NOTGA_FL000,14305.677
DS534_FL000,GUPIN_FL000,3120.506
DS535_FL000,GUPIN_FL000,8166.727
DS535_FL000,KEMAV_FL000,10472.075
DS542_FL000,DS543_FL000,7389.844
DS542_FL000,TGO10_FL000,8397.757
DS542_FL000,SUDEN_FL000,14867.071
DS543_FL000,DS544_FL000,7386.506
DS543_FL000,LAUPHEIM_FL000,49534.259
DS544_FL000,DS545_FL000,6344.542
DS544_FL000,LAUPHEIM_FL000,49759.286
DS545_FL000,TEKSI_FL000,13753.870
DS625_FL000,UNSER_FL000,2093.638
DS625_FL000,SG005_FL000,2606.394
EBEDA_FL000,MUN15_FL000,15387.801
EBEVO_FL000,LAKOL_FL000,8220.467
EBEVO_FL000,MUN40_FL000,9579.534
ELKAT_FL000,KFT25_FL000,21344.386
ELKAT_FL000,VILLACH_FL000,32766.325
ELKAT_FL000,NOKDA_FL000,33725.076
ELKAT_FL000,OBEDI_FL000,57431.595
ELMUG_FL000,NAPSA_FL000,930.471
ELMUG_FL000,MILLDORF_FL000,9233.954
ELMUG_FL000,MUN82_FL000,11129.900
ELSIS_FL000,GOLVA_FL000,6423.782
ELSIS_FL000,LENIZ_FL000,9593.759
ELSIS_FL000,GLEICHENBERG_FL000,20245.882
ELVAG_FL000,RIXED_FL000,18526.766
ELVAG_FL000,KEMAV_FL000,23462.059
ENOGO_FL000,UNIMI_FL000,5287.851
ERKIR_FL000,RTT08_FL000,2669.379
ERKIR_FL000,RTT06_FL000,5355.720
ERKIR_FL000,RTT04_FL000,9969.299
ERNAS_FL000,NEU45_FL000,11070.478
ERNAS_FL000,RENLO_FL000,13897.004
ERNAS_FL000,NEUBURG_FL000,14715.449
ERNAS_FL000,NEU88_FL000,14739.097
ERNAS_FL000,NOBRU_FL000,16315.883
ESEGA_FL000,SIMBA_FL000,14307.169
ESEGA_FL000,VELOM_FL000,24983.599
ESISO_FL000,FHA98_FL000,9661.724
ESISO_FL000,ROREM_FL000,11085.846
ETAGO_FL000,UNSER_FL000,824.276
ETAGO_FL000,SG010_FL000,906.872
ETOXU_FL000,FHA28_FL000,3862.673
ETOXU_FL000,FHA01_FL000,6189.115
ETOXU_FL000,RAVED_FL000,8900.094
ETOXU_FL000,MILKA_FL000,13586.142
EUR29_FL000,MUN13_FL000,9411.816
EVAXI_FL000,WW954_FL000,6827.916
EVAXI_FL000,PESAT_FL000,7839.755
EVIVA_FL000,INGOLSTADT_FL000,8917.582
EVIVA_FL000,IGLNB_FL000,8917.582
EVIVA_FL000,MIQ23_FL000,9912.437
EVIVA_FL000,NEU09_FL000,10657.330
EVIVA_FL000,IGL08_FL000,11642.542
FHA01_FL000,R1816_FL000,5007.087
FHA28_FL000,FRIEDRICHSHAFEN_FL000,2469.772
FHA28_FL000,RAVED_FL000,8736.134
FHA28_FL000,NUNRI_FL000,13452.304
FHA35_FL000,NYW12_FL000,3074.340
FHA35_FL000,NYW11_FL000,5090.369
FHA52_FL000,NYW12_FL000,118.900
FHA69_FL000,NYW03_FL000,165.050
FHA69_FL000,FHA89_FL000,3187.620
FHA69_FL000,FHA98_FL000,3581.281
FHA81_FL000,NYW04_FL000,333.347
FHA81_FL000,NYW03_FL000,3113.414
FHA89_FL000,RAVED_FL000,2605.802
FHA89_FL000,FHA98_FL000,3714.101
FHA89_FL000,MILKA_FL000,11750.785
FHA98_FL000,MILKA_FL000,12151.608
FRE45_FL000,WW192_FL000,12124.148
FRE45_FL000,MASUR_FL000,17040.093
FRE45_FL000,LUGIM_FL000,28932.142
FRE45_FL000,WW146_FL000,35030.613
FUSSE_FL000,KEMPTEN_FL000,19996.483
FUSSE_FL000,NEBEL_FL000,22256.616
FUSSE_FL000,TEGAD_FL000,37964.538
GAMLI_FL000,SITNI_FL000,16923.842
GAMLI_FL000,LNZ35_FL000,18681.398
GAMLI_FL000,LNZ24_FL000,19230.432
GAMLI_FL000,LNZ42_FL000,23074.576
GASNA_FL000,NANIT_FL000,11863.609
GASNA_FL000,RTT06_FL000,14833.841
GASNA_FL000,VENOG_FL000,50422.627
GESGI_FL000,WW181_FL000,4846.107
GESGI_FL000,WW008_FL000,5802.391
GESGI_FL000,WW774_FL000,6021.280
GESGI_FL000,WW953_FL000,13244.421
GILIN_FL000,GIMIX_FL000,3575.435
GIMBO_FL000,WW190_FL000,18892.999
GIMBO_FL000,VENEN_FL000,24670.150
GIMBO_FL000,LADAG_FL000,24690.836
GIMBO_FL000,CESKE_FL000,31096.096
GIMIX_FL000,REKTI_FL000,15593.264
GIMOS_FL000,NATAG_FL000,8645.172
GIMOS_FL000,LORLO_FL000,13111.542
GIMOS_FL000,GIRIS_FL000,13913.342
GIMOS_FL000,OTRES_FL000,20734.892
GIMOS_FL000,SUDUX_FL000,24442.589
GIRIS_FL000,LORLO_FL000,16508.267
GISPO_FL000,WW134_FL000,4730.273
GISPO_FL000,WW112_FL000,5886.004
GISPO_FL000,WW405_FL000,6431.362
GISPO_FL000,WW115_FL000,11169.335
GISPO_FL000,WW105_FL000,13780.253
GIVMI_FL000,NEU04_FL000,306.084
GIVMI_FL000,NEU11_FL000,8976.590
GIVMI_FL000,TEGBA_FL000,14033.765
GOGEM_FL000,OLPIX_FL000,11330.802
GOGEM_FL000,INNSBRUCK_FL000,25352.449
GOLVA_FL000,MUREG_FL000,11872.880
GONBA_FL000,LALIN_FL000,24606.249
GONBA_FL000,STAUB_FL000,32520.008
GONBA_FL000,RENKA_FL000,33564.345
GONBA_FL000,SUBEN_FL000,33904.605
GORLA_FL000,LCH07_FL000,11145.335
GORLA_FL000,ALLGAU_FL000,18865.260
GORLA_FL000,KEMPTEN_FL000,25996.628
GORLA_FL000,LCH99_FL000,26244.975
GOTAR_FL000,SUNIS_FL000,18595.163
GOTAR_FL000,XANUT_FL000,27112.519
GOTAR_FL000,NIDLO_FL000,27812.351
GOTAR_FL000,WW201_FL000,28331.300
GOTAR_FL000,NALOX_FL000,47398.794
GRZ40_FL000,LNZ53_FL000,35214.514
GRZNB_FL000,GRAZ_FL000,0.000
GRZNB_FL000,R1803_FL000,6463.001
GRZNB_FL000,LENIZ_FL000,14608.138
GRZNB_FL000,GLEICHENBERG_FL000,26202.789
GUDEG_FL000,NELBI_FL000,2814.827
HAMAG_FL000,NAMAG_FL000,0.185
HAMAG_FL000,LNZ67_FL000,7391.302
HAMAG_FL000,OGRUB_FL000,34300.262
IBZ04_FL000,OZE02_FL000,2003.669
IBZ07_FL000,OZE04_FL000,1086.451
IBZ07_FL000,OZE06_FL000,3039.375
IBZ10_FL000,OZE08_FL000,1273.946
IBZ10_FL000,OZE06_FL000,2691.684
IBZ10_FL000,SUMIR_FL000,8885.264
IGL08_FL000,SIGGI_FL000,7388.385
IGL08_FL000,IGL50_FL000,8276.429
IGL08_FL000,IGLNB_FL000,8956.212
IGL08_FL000,INGOLSTADT_FL000,8956.212
IGL08_FL000,NIMDI_FL000,10091.167
IGL50_FL000,SIGGI_FL000,5097.953
IGLNB_FL000,INGOLSTADT_FL000,0.000
IGLNB_FL000,R2398_FL000,7020.482
IGLNB_FL000,NIMDI_FL000,7205.442
INPUD_FL000,NEU09_FL000,2886.185
INPUD_FL000,NEU11_FL000,5034.192
INPUD_FL000,MIKE_FL000,11547.416
INSOL_FL000,TRAUN_FL000,15104.211
INSOL_FL000,UNKEN_FL000,17699.447
INSOL_FL000,TAKUS_FL000,19586.064
INTEX_FL000,VEBEG_FL000,27511.649
INTEX_FL000,KUSAM_FL000,32317.757
INTEX_FL000,NEBEL_FL000,39803.041
INTEX_FL000,RONAK_FL000,46872.234
IRBIR_FL000,OBAGA_FL000,11548.727
IRBIR_FL000,TEGAD_FL000,17728.430
IRBIR_FL000,LEMSO_FL000,23925.210
ISTRI_FL000,NIPEL_FL000,5684.695
ISTRI_FL000,REKTI_FL000,10720.356
KANIN_FL000,URAVA_FL000,7873.778
KFT25_FL000,NAKUM_FL000,25107.727
KFT25_FL000,VILLACH_FL000,30093.536
KFT25_FL000,ZELTWEG_FL000,55499.847
KFT25_FL000,NIMDU_FL000,55546.764
KIRDI_FL000,SIMBA_FL000,14597.706
KIRDI_FL000,MEBEK_FL000,19163.662
KIRDI_FL000,EGGENFELDEN_FL000,21707.401
KLAGY_FL000,KLAGENFURT_FL000,22166.304
KLAGY_FL000,RADLY_FL000,36194.164
KOGEX_FL000,MILGO_FL000,25633.069
KOGEX_FL000,UMBIL_FL000,35708.326
KOGOL_FL000,OBAGA_FL000,9205.341
KOGOL_FL000,EURACH_FL000,15442.550
KOGOL_FL000,NORIN_FL000,26097.035
KOGOL_FL000,LUXEK_FL000,27203.090
KONIN_FL000,EURACH_FL000,15109.232
KONIN_FL000,LUXEK_FL000,33184.278
KOVEL_FL000,LANUX_FL000,20869.540
KOVEL_FL000,TEMTA_FL000,22049.450
KOVEL_FL000,MASUR_FL000,23199.486
KPT23_FL000,LEMSO_FL000,26305.356
KPT23_FL000,KTI08_FL000,29112.088
KPT23_FL000,KUSAM_FL000,32910.222
KPT23_FL000,TIRUL_FL000,36643.947
KTI04_FL000,KUHTAI_FL000,7496.212
KTI04_FL000,KTI05_FL000,8543.100
KTI04_FL000,KTI08_FL000,9261.247
KTI05_FL000,KTI08_FL000,7390.012
KTI05_FL000,KUHTAI_FL000,9351.797
KTI05_FL000,OTSIS_FL000,15802.625
KUNET_FL000,WW848_FL000,11851.095
KUNET_FL000,MIRLU_FL000,13832.573
KUNET_FL000,XENAK_FL000,19242.518
KUSAM_FL000,TIRUL_FL000,20689.251
KUSAM_FL000,NEBEL_FL000,29657.457
KUSAM_FL000,RONAK_FL000,37666.705
LADAG_FL000,WW191_FL000,6218.654
LADAG_FL000,WW192_FL000,14260.448
LAKOL_FL000,MUN15_FL000,8645.379
LAKOL_FL000,MUN40_FL000,11722.224
LAKOL_FL000,MUN54_FL000,13406.601
LALIN_FL000,LUSAN_FL000,16050.580
LALIN_FL000,RENKA_FL000,38068.677
LANDU_FL000,NAMUG_FL000,938.255
LANDU_FL000,VAMAS_FL000,15765.376
LANUX_FL000,DESNA_FL000,10371.599
LASMI_FL000,MIQ23_FL000,4122.898
LBU45_FL000,LUBURG_FL000,9254.042
LBU45_FL000,NOTGA_FL000,13421.966
LCH03_FL000,AUGSBURG_FL000,5755.679
LCH03_FL000,LELTA_FL000,9194.749
LCH03_FL000,PESIM_FL000,13487.771
LCH03_FL000,RIDAR_FL000,16952.250
LCH03_FL000,LCH40_FL000,20495.728
LCH04_FL000,LCH35_FL000,2903.519
LCH04_FL000,LCH05_FL000,16638.884
LCH05_FL000,LCH34_FL000,3850.621
LCH05_FL000,LCH35_FL000,16766.878
LCH05_FL000,AUGSBURG_FL000,17700.093
LCH06_FL000,LECHFELD_FL000,1850.854
LCH06_FL000,LCH30_FL000,3701.785
LCH06_FL000,LCH40_FL000,7242.415
LCH07_FL000,LCH08_FL000,11975.051
LCH07_FL000,LCH99_FL000,26084.600
LCH07_FL000,TEGAD_FL000,40579.798
LCH08_FL000,LCH16_FL000,9863.568
LCH09_FL000,LECHFELD_FL000,3705.004
LCH09_FL000,LCH50_FL000,5557.518
LCH16_FL000,R3055_FL000,1620.233
LCH27_FL000,LCH35_FL000,3869.702
LCH27_FL000,AUGSBURG_FL000,7220.957
LCH27_FL000,LELTA_FL000,10437.750
LCH30_FL000,LCH34_FL000,1992.439
LCH30_FL000,LCH40_FL000,7152.538
LCH34_FL000,LCH40_FL000,7016.932
LCH40_FL000,PESIM_FL000,18626.577
LCH40_FL000,AUGSBURG_FL000,20243.901
LCH40_FL000,LCH99_FL000,26096.386
LCH50_FL000,R3055_FL000,9086.946
LCH97_FL000,PESIM_FL000,1451.983
LCH99_FL000,ALLGAU_FL000,27059.759
LCH99_FL000,PESIM_FL000,27657.487
LCH99_FL000,LAUPHEIM_FL000,42671.584
LEDRI_FL000,OB249_FL000,2125.432
LEDRI_FL000,OKR18_FL000,5084.369
LEDRI_FL000,XENAK_FL000,9147.217
LEDVA_FL000,SUMEK_FL000,5166.504
LEDVA_FL000,MABOD_FL000,18639.939
LEDVA_FL000,REKLU_FL000,19139.590
LEDVA_FL000,ODNEM_FL000,30993.480
LELTA_FL000,AUGSBURG_FL000,7818.706
LELTA_FL000,RIDAR_FL000,15436.629
LELTA_FL000,NEU24_FL000,18267.267
LEMSO_FL000,TEGAD_FL000,26844.008
LENIZ_FL000,GRAZ_FL000,14608.138
LENIZ_FL000,RADLY_FL000,27197.471
LEOBE_FL000,MILGO_FL000,8441.489
LEOBE_FL000,ZELTWEG_FL000,27476.440
LIKDA_FL000,TOBSO_FL000,8087.105
LIKDA_FL000,OLPIX_FL000,8337.306
LIKDA_FL000,LIZUM_FL000,10918.132
LIMRA_FL000,LNZ42_FL000,1650.402
LIZUM_FL000,TOBSO_FL000,13421.631
LIZUM_FL000,OEV14_FL000,23713.672
LIZUM_FL000,OEV12_FL000,23840.253
LNZ01_FL000,LNZ11_FL000,355.172
LNZ08_FL000,LNZ70_FL000,4526.185
LNZ08_FL000,LNZNB_FL000,5861.969
LNZ08_FL000,LINZ_FL000,5861.969
LNZ08_FL000,LNZ24_FL000,28006.868
LNZ10_FL000,FREISTADT_FL000,6669.843
LNZ10_FL000,LNZ20_FL000,7410.118
LNZ10_FL000,LNZ41_FL000,16970.010
LNZ10_FL000,R1819_FL000,16997.238
LNZ11_FL000,LNZ41_FL000,17114.470
LNZ11_FL000,LINZ_FL000,17304.549
LNZ11_FL000,LNZNB_FL000,17304.549
LNZ17_FL000,PABSA_FL000,11371.553
LNZ17_FL000,LNZ71_FL000,15761.256
LNZ17_FL000,FREISTADT_FL000,22613.338
LNZ20_FL000,FREISTADT_FL000,7139.657
LNZ24_FL000,LNZ42_FL000,13734.717
LNZ24_FL000,SITNI_FL000,19673.758
LNZ24_FL000,LNZ79_FL000,32619.650
LNZ35_FL000,LNZ53_FL000,1129.949
LNZ35_FL000,LNZ42_FL000,20364.141
LNZ41_FL000,R1819_FL000,1039.186
LNZ41_FL000,LINZ_FL000,7575.663
LNZ41_FL000,LNZNB_FL000,7575.663
LNZ42_FL000,LNZ53_FL000,20388.958
LNZ60_FL000,LNZ70_FL000,1756.885
LNZ60_FL000,MOTIX_FL000,11488.818
LNZ67_FL000,LNZ71_FL000,12680.111
LNZ67_FL000,VELOM_FL000,18903.978
LNZ67_FL000,MATIG_FL000,23663.330
LNZ71_FL000,VELOM_FL000,19103.329
LNZ71_FL000,SUBEN_FL000,29770.742
LNZ79_FL000,MOTIX_FL000,6318.017
LNZ79_FL000,WW190_FL000,29181.577
LNZ79_FL000,SITNI_FL000,30166.548
LNZ79_FL000,LUGIM_FL000,35166.319
LNZNB_FL000,LINZ_FL000,0.000
LOFER_FL000,LOMRO_FL000,2205.500
LOMRO_FL000,UNKEN_FL000,7923.372
LORLO_FL000,NATAG_FL000,15572.789
LORLO_FL000,SUXAN_FL000,23595.168
LUGIM_FL000,WW149_FL000,19285.579
LUGIM_FL000,SITNI_FL000,25067.265
LUGIM_FL000,WW146_FL000,38968.147
LUPOL_FL000,LAUPHEIM_FL000,1.067
LUPOL_FL000,NORGU_FL000,21812.264
LUPOL_FL000,UTABA_FL000,33521.708
LUPOL_FL000,MEXIT_FL000,38119.248
LUPOX_FL000,XERUM_FL000,13644.687
LUPOX_FL000,NOBRU_FL000,19285.793
LUPOX_FL000,RENLO_FL000,22704.256
LUXEK_FL000,TULSI_FL000,5553.192
MABOD_FL000,WW874_FL000,9480.077
MABOD_FL000,WW674_FL000,12362.917
MABOD_FL000,SUMEK_FL000,18074.704
MABOD_FL000,REKLU_FL000,18276.614
MAGIT_FL000,MATIG_FL000,945.984
MAGIT_FL000,NEMAL_FL000,15071.390
MAH06_FL000,MSE14_FL000,844.549
MAH46_FL000,MUN13_FL000,5674.396
MALAB_FL000,ULMEX_FL000,6249.888
MALUG_FL000,VEKEN_FL000,61769.279
MALUG_FL000,OBEDI_FL000,88666.347
MAMOR_FL000,VAMAS_FL000,21157.268
MAMOR_FL000,RODING_FL000,28080.146
MANAL_FL000,MUN81_FL000,7179.086
MANAL_FL000,MUN54_FL000,14249.655
MANAL_FL000,TULSI_FL000,22007.593
MANAL_FL000,MUN55_FL000,23319.474
MAREG_FL000,TOVKA_FL000,9408.412
MAREG_FL000,WW278_FL000,10538.546
MAREG_FL000,WW373_FL000,12933.754
MAREG_FL000,OKR18_FL000,16659.487
MASUR_FL000,WW192_FL000,16575.634
MASUR_FL000,TEMTA_FL000,16582.705
MATAR_FL000,SOTOV_FL000,4744.135
MATAR_FL000,NIGEB_FL000,18437.269
MATIG_FL000,VELOM_FL000,18337.964
MATIG_FL000,OGRUB_FL000,32987.849
MBG03_FL000,MOOSBURG_FL000,5543.078
MDF11_FL000,NELBI_FL000,4182.933
MEBEK_FL000,MUN82_FL000,9705.663
MEBEK_FL000,TITIG_FL000,19248.207
MEBEK_FL000,EGGENFELDEN_FL000,22861.452
MEXIT_FL000,MILKA_FL000,15924.474
MEXIT_FL000,ROREM_FL000,23274.606
MIKOV_FL000,SUMEK_FL000,9026.354
MIKOV_FL000,LKTB_FL000,40960.122
MIKOV_FL000,LKNA_FL000,54853.959
MILGO_FL000,NIMDU_FL000,27426.108
MILGO_FL000,OSPEN_FL000,38635.270
MILGO_FL000,UMBIL_FL000,38828.237
MILKA_FL000,ROREM_FL000,17245.715
MIRLU_FL000,WW831_FL000,1385.369
MIRLU_FL000,WW955_FL000,7878.901
MNE32_FL000,R2130_FL000,904.555
MNW01_FL000,MNW68_FL000,3877.992
MNW10_FL000,MNW42_FL000,63.900
MNW10_FL000,MSW10_FL000,2716.918
MNW32_FL000,R2133_FL000,1004.946
MNW42_FL000,NELBI_FL000,4602.300
MORED_FL000,SALZBURG_FL000,4903.064
MORED_FL000,NEMAL_FL000,36296.897
MORKO_FL000,BRNO_FL000,20482.834
MOTIX_FL000,VENEN_FL000,27775.130
MOTIX_FL000,WW190_FL000,29529.101
MSE20_FL000,MAISACH_FL000,5221.981
MSE34_FL000,MUN16_FL000,66.903
MSW10_FL000,MSW39_FL000,163.628
MSW35_FL000,R2132_FL000,908.900
MUN04_FL000,MUN40_FL000,129.219
MUN13_FL000,OBI07_FL000,9812.944
MUN13_FL000,TILGO_FL000,10543.456
MUN15_FL000,VAVOR_FL000,10643.868
MUN15_FL000,MUN54_FL000,12479.564
MUN15_FL000,NAPSA_FL000,22366.686
MUN16_FL000,R2131_FL000,949.285
MUN17_FL000,MILLDORF_FL000,7000.760
MUN18_FL000,OBI55_FL000,786.568
MUN54_FL000,MUN81_FL000,12592.840
MUN54_FL000,VAVOR_FL000,14104.196
MUN54_FL000,MUN55_FL000,18511.263
MUN55_FL000,TURBU_FL000,8735.400
MUN55_FL000,VAVOR_FL000,15883.444
MUN81_FL000,OBAXA_FL000,11669.105
MUN82_FL000,MILLDORF_FL000,7220.492
MUN82_FL000,TITIG_FL000,21103.095
MUREG_FL000,TISKO_FL000,14330.989
MUREG_FL000,NIDLO_FL000,17932.112
MUREG_FL000,GLEICHENBERG_FL000,20143.763
NAKUM_FL000,VILLACH_FL000,33445.302
NAKUM_FL000,NIMDU_FL000,59517.095
NALOX_FL000,LHSM_FL000,32230.477
NALOX_FL000,SUNIS_FL000,46790.065
NALOX_FL000,SIRDU_FL000,57644.144
NAMAG_FL000,FREISTADT_FL000,31137.522
NAMUG_FL000,MOOSBURG_FL000,1786.772
NANIT_FL000,VENOG_FL000,49022.753
NAPSA_FL000,TITIG_FL000,18498.113
NAPSA_FL000,ROTAX_FL000,18757.891
NATAG_FL000,PITAR_FL000,19594.162
NATAG_FL000,RONAK_FL000,36015.304
NEMAL_FL000,OGRUB_FL000,32172.906
NEMAL_FL000,PEREX_FL000,36346.259
NERDU_FL000,STOCKERAU_FL000,9306.860
NERDU_FL000,WW675_FL000,14004.822
NEU01_FL000,NEU88_FL000,194.006
NEU01_FL000,NEUBURG_FL000,1847.719
NEU01_FL000,NEU44_FL000,5543.199
NEU02_FL000,NEU08_FL000,3695.370
NEU02_FL000,NEU30_FL000,5543.038
NEU02_FL000,RENLO_FL000,7050.788
NEU02_FL000,NEU24_FL000,7232.044
NEU03_FL000,NEUBURG_FL000,1847.685
NEU03_FL000,NEU30_FL000,3695.328
NEU04_FL000,NEU44_FL000,3695.480
NEU04_FL000,NEU45_FL000,11274.717
NEU08_FL000,NEU24_FL000,7171.583
NEU09_FL000,R2398_FL000,2803.479
NEU09_FL000,NEU11_FL000,5543.222
NEU11_FL000,R2398_FL000,5539.232
NEU11_FL000,TEGBA_FL000,16625.500
NEU14_FL000,NEU61_FL000,3680.390
NEU14_FL000,NEU45_FL000,11101.234
NEU14_FL000,NIMDI_FL000,14448.684
NEU24_FL000,ROKIL_FL000,19990.817
NEU30_FL000,RENLO_FL000,8832.255
NEU44_FL000,NEU45_FL000,11422.087
NEU61_FL000,NIMDI_FL000,14028.542
NEU88_FL000,NEUBURG_FL000,1847.675
NIDLO_FL000,TISKO_FL000,13439.247
NIDLO_FL000,GLEICHENBERG_FL000,17464.576
NIGEB_FL000,OEJ20_FL000,12934.570
NIGEB_FL000,KUHTAI_FL000,14535.958
NIGEB_FL000,TUTAL_FL000,15390.043
NIGEB_FL000,OTSIS_FL000,17565.255
NIGSI_FL000,WW202_FL000,14825.781
NIGSI_FL000,PINKA_FL000,15508.428
NIGSI_FL000,SASAL_FL000,34345.578
NIMDI_FL000,INGOLSTADT_FL000,7205.442
NIMDU_FL000,ZELTWEG_FL000,3502.193
NIPEL_FL000,YESEN_FL000,4141.907
NOKDA_FL000,VEKEN_FL000,33919.609
NOKDA_FL000,VILLACH_FL000,35662.574
NOKDA_FL000,OBEDI_FL000,54223.625
NORGU_FL000,ROREM_FL000,18001.842
NORGU_FL000,EDJA_FL000,19668.153
NORIN_FL000,OEV00_FL000,14365.138
NORIN_FL000,OBAGA_FL000,25716.369
NORPA_FL000,WW819_FL000,2757.278
NORPA_FL000,WW374_FL000,4228.063
NORPA_FL000,WW046_FL000,6343.113
NORPA_FL000,WW880_FL000,9553.094
NORPA_FL000,WW895_FL000,9625.134
NORTO_FL000,OEJ14_FL000,4946.598
NORTO_FL000,OEJ17_FL000,7021.687
NOTGA_FL000,LUBURG_FL000,13050.834
NUNRI_FL000,FRIEDRICHSHAFEN_FL000,13580.414
NUNRI_FL000,NYW04_FL000,14117.795
NYW11_FL000,R1816_FL000,924.175
OB249_FL000,WW848_FL000,9583.613
OBAGA_FL000,EURACH_FL000,15164.629
OBAXA_FL000,OBIKA_FL000,14352.542
OBEDI_FL000,RASTA_FL000,19029.282
OBI07_FL000,TILGO_FL000,6919.214
OBI11_FL000,R2115_FL000,840.445
OBI11_FL000,SUMUG_FL000,4133.338
OBI11_FL000,OBI55_FL000,6656.451
OBI16_FL000,OBERPFAFFENHOFEN_FL000,2961.064
OBI55_FL000,SUMUG_FL000,6870.599
OBIKA_FL000,TILGO_FL000,6437.642
ODNEM_FL000,REKLU_FL000,34025.297
OEJ00_FL000,OEV10_FL000,1383.566
OEJ00_FL000,OEV12_FL000,2671.612
OEJ04_FL000,OEV07_FL000,682.164
OEJ04_FL000,ABSAM_FL000,716.010
OEJ06_FL000,OEV05_FL000,846.177
OEJ06_FL000,OEV04_FL000,1284.405
OEJ06_FL000,OEV01_FL000,1458.518
OEJ11_FL000,OEV00_FL000,1579.930
OEJ11_FL000,INNSBRUCK_FL000,4214.253
OEJ11_FL000,OEJ14_FL000,5571.168
OEJ14_FL000,OEJ17_FL000,5554.690
OEJ17_FL000,OEJ18_FL000,1884.575
OEJ18_FL000,OEJ20_FL000,3547.511
OEJ20_FL000,KUHTAI_FL000,9162.341
OEN11_FL000,WW267_FL000,280.569
OEN11_FL000,WW645_FL000,483.508
OEV00_FL000,OEV04_FL000,7445.339
OEV01_FL000,INNSBRUCK_FL000,6575.299
OEV04_FL000,INNSBRUCK_FL000,6415.377
OEV05_FL000,OEV06_FL000,1860.185
OEV06_FL000,ABSAM_FL000,521.180
OEV07_FL000,OEV08_FL000,1835.663
OEV08_FL000,OEV10_FL000,3703.417
OEV12_FL000,OEV14_FL000,3725.118
OEV14_FL000,OEV16_FL000,3685.303
OEV16_FL000,OEV17_FL000,2234.406
OEV22_FL000,RATTENBERG_FL000,9536.124
OEZ13_FL000,WW670_FL000,262.683
OEZ13_FL000,OEZ34_FL000,1658.574
OEZ13_FL000,WAGRAM_FL000,1670.779
OEZ34_FL000,WAGRAM_FL000,268.904
OEZ34_FL000,WW041_FL000,7279.628
OEZ55_FL000,WGM19_FL000,161.379
OEZ55_FL000,WW592_FL000,2050.065
OEZ55_FL000,WW427_FL000,2559.762
OGEPI_FL000,TISAX_FL000,27198.974
OGEPI_FL000,BOLZANO_FL000,36043.040
OKR18_FL000,R1757_FL000,4617.737
OSPEN_FL000,PUBEG_FL000,10513.688
OSPEN_FL000,UMBIL_FL000,15688.446
OTRES_FL000,PITAR_FL000,4739.809
OTRES_FL000,OTSIS_FL000,11615.351
OTRES_FL000,SUDUX_FL000,21985.479
OTSIS_FL000,SUDUX_FL000,21280.151
OZE02_FL000,OZE04_FL000,3750.859
OZE08_FL000,RENTA_FL000,28963.046
PABSA_FL000,RENKA_FL000,18259.724
PABSA_FL000,PASAU_FL000,31155.622
PASAU_FL000,RENKA_FL000,26465.382
PASAU_FL000,VADOV_FL000,43322.591
PELAD_FL000,CORVATSCH_FL000,21403.522
PELAD_FL000,RESIA_FL000,27738.883
PELAD_FL000,RONAK_FL000,40035.346
PEREX_FL000,RASTA_FL000,19061.279
PINKA_FL000,UMBIL_FL000,17488.831
PINKA_FL000,WW202_FL000,18501.830
PINKA_FL000,PUBEG_FL000,19517.491
PITAR_FL000,TIRUL_FL000,11921.456
PUBEG_FL000,UMBIL_FL000,18146.581
PUBEG_FL000,WW902_FL000,29381.444
R1756_FL000,R1757_FL000,2520.100
R1756_FL000,STEFANIK_FL000,6828.247
R1757_FL000,XENAK_FL000,6531.577
R1803_FL000,GRAZ_FL000,6463.001
R1803_FL000,WW201_FL000,30987.838
R1804_FL000,WGM12_FL000,890.572
R1804_FL000,WW595_FL000,1287.378
R1805_FL000,WGM15_FL000,778.805
R1805_FL000,WW151_FL000,1504.394
R1805_FL000,WW140_FL000,5141.961
R1817_FL000,FRIEDRICHSHAFEN_FL000,1285.369
R2115_FL000,OBERPFAFFENHOFEN_FL000,1137.072
R2398_FL000,INGOLSTADT_FL000,7020.482
R3055_FL000,LANDSBERG_FL000,7779.884
RATGO_FL000,TISKO_FL000,15543.968
REDVO_FL000,RIDAR_FL000,11114.460
REKLU_FL000,WW874_FL000,20107.723
REKLU_FL000,MALACKY_FL000,20199.542
REKTI_FL000,VILLACH_FL000,12506.604
RENKA_FL000,SUBEN_FL000,20641.834
RENLO_FL000,XERUM_FL000,21919.496
RENTA_FL000,TISAX_FL000,40802.022
RENTA_FL000,SUXAN_FL000,41018.499
RESIA_FL000,CORVATSCH_FL000,18257.604
RESIA_FL000,SUXAN_FL000,34627.036
RESIA_FL000,RONAK_FL000,37837.490
REUTL_FL000,UTABA_FL000,14674.872
RIXED_FL000,NORDLINGEN_FL000,11.143
ROKIL_FL000,VEMUG_FL000,935.496
ROMGA_FL000,LSZR_FL000,11341.114
RONAK_FL000,SUXAN_FL000,37293.552
RONAK_FL000,TIRUL_FL000,39707.708
ROTAX_FL000,ROTIN_FL000,10953.665
ROTAX_FL000,TRAUN_FL000,15145.237
ROTAX_FL000,TITIG_FL000,15878.505
ROTIN_FL000,VAVOR_FL000,6485.711
RTT04_FL000,RATTENBERG_FL000,7851.453
RTT06_FL000,RATTENBERG_FL000,11079.107
RTT08_FL000,RTT12_FL000,6364.854
RTT08_FL000,TULSI_FL000,22429.723
RTT12_FL000,TURBU_FL000,14134.997
SASAL_FL000,STEIN_FL000,18469.153
SASAL_FL000,SUNIS_FL000,18471.325
SBGNB_FL000,TAKUS_FL000,5794.270
SBGNB_FL000,SALZBURG_FL000,10651.775
SG010_FL000,UNSER_FL000,912.265
SIRDU_FL000,SOPRO_FL000,54409.479
SIRDU_FL000,STEIN_FL000,58382.335
SIRDU_FL000,LHSM_FL000,63558.372
SITKU_FL000,TEGBA_FL000,9429.800
SITKU_FL000,VEMUG_FL000,15163.359
SITNI_FL000,WW149_FL000,29732.004
SNU00_FL000,SOLLENAU_FL000,15.881
SNU00_FL000,WW264_FL000,7255.767
SNU00_FL000,WW103_FL000,13651.417
SNU10_FL000,WW643_FL000,16.182
SNU10_FL000,WW980_FL000,4741.912
SNU13_FL000,WW036_FL000,2138.768
SNU13_FL000,WW980_FL000,4328.828
SNU13_FL000,WW141_FL000,4416.241
SNU13_FL000,WW028_FL000,5836.083
SOPRO_FL000,WW836_FL000,11564.750
SOPRO_FL000,WW975_FL000,14637.205
SOTOV_FL000,TUTAL_FL000,10760.512
SOTOV_FL000,UNIMI_FL000,14391.449
STO00_FL000,STOCKERAU_FL000,55.594
STO00_FL000,WW853_FL000,4165.509
SUDUX_FL000,TUTAL_FL000,4642.264
SUDUX_FL000,UNIMI_FL000,10301.662
SUMUG_FL000,TILGO_FL000,9958.905
SUNIS_FL000,WW202_FL000,30526.151
TAGAS_FL000,WW178_FL000,3413.545
TAGAS_FL000,WW147_FL000,9567.271
TAGAS_FL000,WW106_FL000,15088.611
TAKUS_FL000,TRAUN_FL000,17305.867
TEGAD_FL000,EURACH_FL000,25979.837
TEGBA_FL000,VEMUG_FL000,11931.775
TEKSI_FL000,ULMEX_FL000,15038.779
TELSI_FL000,YESEN_FL000,17181.730
TEMLI_FL000,CESKE_FL000,42741.066
TEMTA_FL000,STOCKERAU_FL000,28037.037
TEMTA_FL000,WW146_FL000,30586.836
TISAX_FL000,BOLZANO_FL000,28171.907
TITIG_FL000,TRAUN_FL000,9588.568
TOBSO_FL000,VENOG_FL000,32454.066
TOVKA_FL000,WW400_FL000,5753.154
TOVKA_FL000,MALACKY_FL000,28197.647
TUTAL_FL000,UNIMI_FL000,10011.917
URAVA_FL000,VEKEN_FL000,20144.459
VEBEG_FL000,LSZR_FL000,14831.818
VENEN_FL000,WW190_FL000,16576.654
VIBUG_FL000,EGGENFELDEN_FL000,20379.113
WGM00_FL000,WW896_FL000,2803.190
WGM00_FL000,WW401_FL000,5334.853
WGM12_FL000,WW137_FL000,1542.932
WGM15_FL000,WW645_FL000,939.295
WGM15_FL000,WW166_FL000,2199.008
WGM15_FL000,WW100_FL000,2556.025
WGM19_FL000,WW101_FL000,1270.963
WGM19_FL000,WW153_FL000,7330.921
WGM21_FL000,WW268_FL000,176.549
WGM21_FL000,WW125_FL000,894.436
WGM22_FL000,WW970_FL000,779.444
WGM22_FL000,WW271_FL000,3035.128
WGM29_FL000,WW963_FL000,2151.565
WGM29_FL000,WGM58_FL000,5373.041
WGM29_FL000,WW042_FL000,7453.411
WGM58_FL000,WW123_FL000,2432.254
WGM58_FL000,WW136_FL000,7081.268
WGM58_FL000,WW107_FL000,7081.268
WGM58_FL000,WW042_FL000,8749.147
WGM74_FL000,WW644_FL000,303.307
WGM74_FL000,WW268_FL000,1692.838
WGM74_FL000,WW144_FL000,8186.368
WGM87_FL000,WW123_FL000,2958.182
WGM87_FL000,WW425_FL000,4160.394
WGM87_FL000,WW304_FL000,5636.966
WGM87_FL000,SCHWECHAT_FL000,8313.374
WO114_FL000,WW596_FL000,512.468
WO114_FL000,WW110_FL000,577.709
WW002_FL000,WW022_FL000,0.000
WW002_FL000,WW829_FL000,830.399
WW002_FL000,WW261_FL000,2897.578
WW002_FL000,WW889_FL000,4083.660
WW002_FL000,WW885_FL000,4963.667
WW003_FL000,WW108_FL000,737.865
WW003_FL000,WW890_FL000,2301.789
WW003_FL000,WW951_FL000,4665.859
WW004_FL000,WW830_FL000,970.098
WW004_FL000,WW181_FL000,4601.331
WW004_FL000,WW008_FL000,7223.313
WW005_FL000,WW849_FL000,1923.249
WW005_FL000,WW876_FL000,5763.978
WW006_FL000,WW422_FL000,3969.251
WW006_FL000,WW278_FL000,4463.221
WW006_FL000,WW876_FL000,5787.000
WW006_FL000,WW951_FL000,8887.779
WW008_FL000,WW423_FL000,2744.026
WW008_FL000,WW181_FL000,7148.413
WW009_FL000,WW886_FL000,2714.976
WW009_FL000,WW423_FL000,4258.833
WW009_FL000,WW890_FL000,5017.380
WW009_FL000,WW885_FL000,6072.045
WW011_FL000,WW811_FL000,501.195
WW011_FL000,WW650_FL000,2667.521
WW011_FL000,WW401_FL000,9280.201
WW013_FL000,WW652_FL000,4221.435
WW013_FL000,WW651_FL000,4491.569
WW013_FL000,WW020_FL000,7400.287
WW013_FL000,WW017_FL000,7412.623
WW014_FL000,WW403_FL000,64.817
WW014_FL000,WW812_FL000,1320.895
WW014_FL000,WW019_FL000,7383.781
WW017_FL000,WW657_FL000,4642.910
WW017_FL000,WW845_FL000,5314.475
WW017_FL000,WW651_FL000,8566.264
WW018_FL000,WW404_FL000,1857.344
WW018_FL000,WW657_FL000,2185.149
WW018_FL000,WW403_FL000,7376.143
WW019_FL000,WW402_FL000,1839.293
WW019_FL000,WW853_FL000,8133.208
WW019_FL000,TULLN_FL000,10060.974
WW020_FL000,WW871_FL000,2400.018
WW020_FL000,WW656_FL000,4609.837
WW020_FL000,WW812_FL000,8513.948
WW022_FL000,WW829_FL000,830.399
WW022_FL000,WW261_FL000,2897.578
WW022_FL000,WW889_FL000,4083.660
WW022_FL000,WW885_FL000,4963.667
WW028_FL000,WW432_FL000,1779.846
WW028_FL000,WW971_FL000,5481.307
WW028_FL000,WW031_FL000,7552.963
WW028_FL000,WW262_FL000,8309.269
WW029_FL000,WW835_FL000,1816.823
WW029_FL000,WW030_FL000,5556.587
WW029_FL000,WW035_FL000,6362.392
WW029_FL000,WW032_FL000,7563.702
WW029_FL000,WW033_FL000,9382.449
WW030_FL000,WW973_FL000,1886.679
WW030_FL000,WW142_FL000,4848.761
WW030_FL000,WW033_FL000,7574.980
WW031_FL000,WW431_FL000,2464.780
WW031_FL000,WW886_FL000,5756.302
WW031_FL000,WW958_FL000,6131.328
WW031_FL000,WW432_FL000,7729.976
WW032_FL000,WW979_FL000,2452.587
WW032_FL000,WW033_FL000,5559.048
WW033_FL000,WW887_FL000,2515.527
WW034_FL000,WW142_FL000,2651.061
WW034_FL000,WW978_FL000,3271.429
WW034_FL000,WW127_FL000,6099.544
WW034_FL000,WW976_FL000,9113.092
WW035_FL000,WW122_FL000,1711.489
WW035_FL000,WW036_FL000,5271.058
WW035_FL000,WW980_FL000,6030.053
WW036_FL000,WW980_FL000,4202.583
WW036_FL000,WW835_FL000,5075.131
WW036_FL000,WW432_FL000,5328.420
WW038_FL000,WW671_FL000,320.363
WW038_FL000,WW817_FL000,926.008
WW038_FL000,WW882_FL000,9265.677
WW041_FL000,WW678_FL000,2761.212
WW041_FL000,WW042_FL000,5557.675
WW041_FL000,WW434_FL000,5810.579
WW042_FL000,WW434_FL000,1725.361
WW044_FL000,WW412_FL000,2553.797
WW044_FL000,WW882_FL000,6760.217
WW044_FL000,WW045_FL000,7446.003
WW044_FL000,WW413_FL000,7599.906
WW044_FL000,WW374_FL000,7652.767
WW045_FL000,WW413_FL000,1909.869
WW045_FL000,WW671_FL000,5268.915
WW046_FL000,WW818_FL000,3072.593
WW046_FL000,WW895_FL000,10467.104
WW046_FL000,WW896_FL000,11944.846
WW100_FL000,WW166_FL000,1726.243
WW100_FL000,FISCHAMEND_FL000,1731.162
WW100_FL000,WW153_FL000,5184.336
WW100_FL000,WW775_FL000,6203.768
WW101_FL000,WW265_FL000,4735.569
WW101_FL000,WW124_FL000,4761.294
WW102_FL000,WW377_FL000,2493.678
WW102_FL000,WW984_FL000,2495.587
WW102_FL000,WW375_FL000,3361.862
WW102_FL000,WW379_FL000,8001.773
WW103_FL000,WW380_FL000,7481.394
WW103_FL000,WW301_FL000,9779.208
WW103_FL000,WW264_FL000,15101.360
WW105_FL000,WW382_FL000,3554.665
WW105_FL000,WW381_FL000,5926.344
WW105_FL000,WW115_FL000,13839.494
WW106_FL000,WW135_FL000,9278.255
WW106_FL000,WW381_FL000,10739.112
WW106_FL000,WW382_FL000,11287.090
WW106_FL000,WW655_FL000,13657.180
WW107_FL000,WW136_FL000,0.000
WW107_FL000,WW371_FL000,2997.132
WW107_FL000,WW883_FL000,3219.451
WW107_FL000,WW425_FL000,6239.137
WW108_FL000,WW421_FL000,3020.464
WW108_FL000,WW876_FL000,3287.816
WW109_FL000,WW888_FL000,4279.472
WW109_FL000,WW974_FL000,6879.536
WW109_FL000,WW977_FL000,6967.441
WW109_FL000,WW127_FL000,7813.035
WW110_FL000,WW137_FL000,2742.756
WW110_FL000,WW140_FL000,4658.165
WW111_FL000,WW295_FL000,1844.115
WW111_FL000,WW293_FL000,2583.132
WW111_FL000,SCHWECHAT_FL000,4361.362
WW111_FL000,WW232_FL000,5259.056
WW112_FL000,WW231_FL000,1579.260
WW112_FL000,WW230_FL000,3151.940
WW112_FL000,WW661_FL000,3777.906
WW114_FL000,WW283_FL000,2232.375
WW114_FL000,WW274_FL000,2808.080
WW114_FL000,WW275_FL000,3373.734
WW115_FL000,WW380_FL000,6520.735
WW115_FL000,WW301_FL000,15106.335
WW116_FL000,WW149_FL000,10325.281
WW116_FL000,WW148_FL000,17788.552
WW117_FL000,WW901_FL000,9611.161
WW117_FL000,WW902_FL000,9704.094
WW117_FL000,WW301_FL000,19671.407
WW117_FL000,WW148_FL000,28265.804
WW118_FL000,WW296_FL000,2033.086
WW118_FL000,WW143_FL000,3089.875
WW118_FL000,WW424_FL000,3503.282
WW121_FL000,WW847_FL000,1827.222
WW121_FL000,WW370_FL000,4205.888
WW121_FL000,WW287_FL000,4353.328
WW121_FL000,WW286_FL000,4368.388
WW122_FL000,WW142_FL000,1272.258
WW122_FL000,WW892_FL000,4708.490
WW124_FL000,WW267_FL000,389.277
WW124_FL000,WW265_FL000,5929.985
WW125_FL000,WW427_FL000,309.684
WW126_FL000,WW970_FL000,922.401
WW126_FL000,WW834_FL000,3852.689
WW126_FL000,WW842_FL000,6755.148
WW126_FL000,WW144_FL000,8182.633
WW127_FL000,WW973_FL000,1465.089
WW127_FL000,WW974_FL000,7796.963
WW128_FL000,WW265_FL000,255.712
WW128_FL000,WW960_FL000,2894.427
WW128_FL000,WW665_FL000,2894.427
WW129_FL000,WW843_FL000,407.176
WW129_FL000,WW894_FL000,2039.896
WW129_FL000,WW424_FL000,2422.096
WW130_FL000,WW379_FL000,2478.883
WW130_FL000,WW872_FL000,3551.930
WW130_FL000,WW233_FL000,3568.640
WW130_FL000,WW263_FL000,4256.039
WW130_FL000,WW377_FL000,7498.186
WW134_FL000,WW298_FL000,2464.863
WW134_FL000,WW289_FL000,7089.138
WW134_FL000,WW380_FL000,10919.808
WW135_FL000,WW147_FL000,4369.384
WW135_FL000,WW146_FL000,8259.210
WW136_FL000,WW371_FL000,2997.132
WW136_FL000,WW883_FL000,3219.451
WW136_FL000,WW425_FL000,6239.137
WW137_FL000,WW304_FL000,478.515
WW139_FL000,WW296_FL000,1838.783
WW139_FL000,WW597_FL000,2424.233
WW139_FL000,WW140_FL000,2643.677
WW139_FL000,WW295_FL000,2813.123
WW140_FL000,WW424_FL000,4601.758
WW141_FL000,WW643_FL000,1346.577
WW141_FL000,WW426_FL000,4376.574
WW141_FL000,WW893_FL000,4623.253
WW141_FL000,WW980_FL000,4656.589
WW142_FL000,WW973_FL000,5086.734
WW143_FL000,WW295_FL000,3125.560
WW143_FL000,WW296_FL000,3383.278
WW143_FL000,WW663_FL000,4812.940
WW143_FL000,WW232_FL000,4829.297
WW143_FL000,WW379_FL000,6893.287
WW144_FL000,WW286_FL000,3192.674
WW144_FL000,WW982_FL000,3451.125
WW144_FL000,WW262_FL000,3856.422
WW144_FL000,WW375_FL000,5236.048
WW147_FL000,WW178_FL000,9144.399
WW148_FL000,WW178_FL000,2194.570
WW151_FL000,WW595_FL000,585.157
WW151_FL000,WW166_FL000,1281.411
WW152_FL000,WW434_FL000,2071.943
WW152_FL000,WW883_FL000,2369.150
WW152_FL000,WW372_FL000,3812.612
WW152_FL000,WW440_FL000,7875.055
WW153_FL000,WW594_FL000,3634.015
WW153_FL000,WW775_FL000,4737.284
WW153_FL000,WW592_FL000,7422.719
WW153_FL000,WW593_FL000,8254.235
WW166_FL000,FISCHAMEND_FL000,1012.998
WW170_FL000,WW412_FL000,6254.698
WW170_FL000,WW690_FL000,7035.739
WW170_FL000,WW882_FL000,7447.942
WW170_FL000,WW440_FL000,11240.918
WW181_FL000,WW953_FL000,13245.917
WW190_FL000,WW191_FL000,16575.697
WW201_FL000,GLEICHENBERG_FL000,12042.603
WW201_FL000,XANUT_FL000,14819.987
WW202_FL000,XANUT_FL000,14817.965
WW230_FL000,WW290_FL000,1335.332
WW230_FL000,WW661_FL000,4396.255
WW231_FL000,WW298_FL000,490.083
WW232_FL000,WW663_FL000,2291.994
WW232_FL000,WW282_FL000,2899.842
WW233_FL000,WW283_FL000,2203.554
WW233_FL000,WW263_FL000,2555.463
WW233_FL000,WW379_FL000,3388.298
WW233_FL000,WW663_FL000,5775.437
WW261_FL000,WW950_FL000,1130.867
WW261_FL000,WW889_FL000,3277.296
WW261_FL000,WW885_FL000,5738.156
WW262_FL000,WW426_FL000,1210.395
WW262_FL000,WW834_FL000,6379.779
WW263_FL000,WW283_FL000,2753.960
WW263_FL000,WW275_FL000,4406.957
WW264_FL000,WW300_FL000,2226.513
WW264_FL000,WW378_FL000,5130.745
WW268_FL000,WW271_FL000,3541.904
WW269_FL000,WW593_FL000,1430.346
WW269_FL000,WW641_FL000,3041.102
WW269_FL000,WW842_FL000,4711.590
WW271_FL000,WW593_FL000,1170.836
WW271_FL000,WW592_FL000,2985.892
WW272_FL000,WW373_FL000,1470.252
WW272_FL000,WW875_FL000,6488.395
WW272_FL000,WW884_FL000,9711.806
WW272_FL000,WW680_FL000,9711.806
WW273_FL000,WW844_FL000,1685.008
WW273_FL000,WW274_FL000,4814.173
WW273_FL000,WW282_FL000,5266.596
WW274_FL000,WW298_FL000,5076.266
WW274_FL000,WW282_FL000,5133.056
WW275_FL000,WW289_FL000,21.194
WW278_FL000,WW959_FL000,2260.993
WW282_FL000,WW663_FL000,2421.882
WW282_FL000,WW283_FL000,5838.181
WW283_FL000,WW663_FL000,6096.583
WW286_FL000,WW287_FL000,3510.129
WW286_FL000,WW669_FL000,4100.401
WW286_FL000,WW962_FL000,4100.401
WW286_FL000,WW375_FL000,4152.241
WW286_FL000,WW982_FL000,4228.371
WW287_FL000,WW982_FL000,2639.312
WW287_FL000,WW686_FL000,3670.339
WW288_FL000,WW405_FL000,1016.488
WW288_FL000,WW290_FL000,2710.413
WW289_FL000,WW380_FL000,9469.266
WW290_FL000,STEINHOF_FL000,7156.278
WW293_FL000,WW597_FL000,1500.991
WW293_FL000,WW295_FL000,2570.107
WW293_FL000,SCHWECHAT_FL000,3772.884
WW295_FL000,WW296_FL000,2542.964
WW300_FL000,WW986_FL000,2946.627
WW300_FL000,WW378_FL000,5537.586
WW301_FL000,WW901_FL000,17364.694
WW304_FL000,WW425_FL000,6679.573
WW370_FL000,WW686_FL000,5616.294
WW370_FL000,WW378_FL000,5952.276
WW370_FL000,SOLLENAU_FL000,9976.924
WW371_FL000,WW680_FL000,2097.126
WW371_FL000,WW884_FL000,2097.126
WW371_FL000,WW883_FL000,3752.099
WW371_FL000,WW372_FL000,5566.965
WW372_FL000,WW440_FL000,7569.427
WW372_FL000,WW688_FL000,8114.701
WW373_FL000,WW590_FL000,6960.082
WW373_FL000,WW591_FL000,7285.882
WW373_FL000,WW959_FL000,8853.027
WW374_FL000,WW818_FL000,3870.754
WW374_FL000,WW881_FL000,7466.217
WW374_FL000,WW880_FL000,9093.543
WW375_FL000,WW984_FL000,3595.710
WW375_FL000,WW377_FL000,3633.264
WW375_FL000,WW669_FL000,5712.539
WW375_FL000,WW962_FL000,5712.539
WW377_FL000,WW669_FL000,5399.552
WW377_FL000,WW962_FL000,5399.552
WW377_FL000,WW872_FL000,6661.472
WW377_FL000,WW379_FL000,7717.807
WW378_FL000,WW847_FL000,4071.165
WW378_FL000,WW872_FL000,5713.283
WW379_FL000,WW663_FL000,5837.926
WW382_FL000,WW404_FL000,8609.516
WW382_FL000,WW655_FL000,8991.253
WW400_FL000,WW875_FL000,4584.781
WW400_FL000,WW440_FL000,12561.805
WW401_FL000,WW852_FL000,535.289
WW401_FL000,WW811_FL000,9269.903
WW402_FL000,WW656_FL000,1307.393
WW402_FL000,WW853_FL000,7932.447
WW403_FL000,TULLN_FL000,7600.227
WW404_FL000,WW657_FL000,1304.177
WW404_FL000,WW655_FL000,7936.407
WW405_FL000,WW659_FL000,565.250
WW411_FL000,WW433_FL000,0.000
WW411_FL000,WW775_FL000,1843.954
WW411_FL000,WW590_FL000,2620.866
WW411_FL000,FISCHAMEND_FL000,6111.869
WW411_FL000,WW850_FL000,8414.864
WW412_FL000,WW676_FL000,924.160
WW413_FL000,WW662_FL000,847.556
WW413_FL000,WW672_FL000,847.556
WW421_FL000,WW952_FL000,818.384
WW421_FL000,WW876_FL000,2688.176
WW422_FL000,WW957_FL000,970.867
WW423_FL000,WW841_FL000,1992.836
WW425_FL000,WW961_FL000,1674.942
WW426_FL000,WW893_FL000,1966.701
WW427_FL000,WW592_FL000,1987.364
WW431_FL000,WW979_FL000,1909.732
WW431_FL000,WW667_FL000,3879.831
WW431_FL000,WW956_FL000,3879.831
WW432_FL000,WW972_FL000,1959.278
WW433_FL000,WW775_FL000,1843.954
WW433_FL000,WW590_FL000,2620.866
WW433_FL000,FISCHAMEND_FL000,6111.869
WW433_FL000,WW850_FL000,8414.864
WW434_FL000,WW883_FL000,2732.865
WW440_FL000,WW678_FL000,8284.173
WW590_FL000,WW775_FL000,3038.031
WW590_FL000,WW591_FL000,3695.514
WW591_FL000,WW889_FL000,4573.258
WW591_FL000,WW959_FL000,5029.917
WW593_FL000,WW594_FL000,7463.013
WW594_FL000,WW950_FL000,0.223
WW596_FL000,WW597_FL000,3073.221
WW641_FL000,WW885_FL000,1211.023
WW641_FL000,WW981_FL000,4920.558
WW641_FL000,WW842_FL000,5053.724
WW643_FL000,WW686_FL000,3107.498
WW644_FL000,WW970_FL000,63.427
WW650_FL000,STEINHOF_FL000,1285.969
WW651_FL000,WW811_FL000,533.697
WW651_FL000,WW871_FL000,8652.650
WW651_FL000,WW845_FL000,9197.431
WW652_FL000,WW812_FL000,0.994
WW653_FL000,WW813_FL000,1.197
WW653_FL000,WW846_FL000,9256.403
WW654_FL000,WW853_FL000,0.631
WW654_FL000,TULLN_FL000,8505.048
WW655_FL000,WW846_FL000,0.890
WW656_FL000,WW895_FL000,20350.894
WW658_FL000,WW852_FL000,0.632
WW658_FL000,WW871_FL000,2949.130
WW659_FL000,WW845_FL000,0.315
WW660_FL000,WW851_FL000,0.862
WW660_FL000,WAGRAM_FL000,286.852
WW661_FL000,WW844_FL000,0.433
WW662_FL000,WW672_FL000,0.000
WW662_FL000,WW818_FL000,1.025
WW665_FL000,WW960_FL000,0.000
WW665_FL000,WW843_FL000,86.578
WW667_FL000,WW956_FL000,0.000
WW667_FL000,WW841_FL000,1.122
WW669_FL000,WW962_FL000,0.000
WW669_FL000,WW847_FL000,0.803
WW670_FL000,WW817_FL000,2464.271
WW670_FL000,WW896_FL000,9515.388
WW671_FL000,WW896_FL000,9273.996
WW672_FL000,WW818_FL000,1.025
WW673_FL000,WW819_FL000,0.400
WW673_FL000,WW880_FL000,9186.006
WW674_FL000,WW880_FL000,185.473
WW675_FL000,WW895_FL000,0.667
WW676_FL000,WW881_FL000,14.325
WW678_FL000,WW882_FL000,2474.487
WW680_FL000,WW884_FL000,0.000
WW680_FL000,WW961_FL000,4979.851
WW684_FL000,WW890_FL000,0.743
WW684_FL000,WW829_FL000,4754.293
WW684_FL000,WW885_FL000,5792.475
WW688_FL000,WW875_FL000,0.432
WW690_FL000,WW874_FL000,1.025
WW774_FL000,WW840_FL000,7601.833
WW774_FL000,WW953_FL000,12884.312
WW774_FL000,WW977_FL000,13461.222
WW775_FL000,FISCHAMEND_FL000,6108.989
WW775_FL000,WW889_FL000,6423.354
WW813_FL000,TULLN_FL000,825.800
WW816_FL000,WW963_FL000,0.978
WW816_FL000,WW851_FL000,2983.010
WW817_FL000,WW882_FL000,9235.165
WW817_FL000,WW896_FL000,9237.304
WW819_FL000,WW895_FL000,9235.819
WW829_FL000,WW951_FL000,0.803
WW830_FL000,WW952_FL000,0.451
WW831_FL000,WW953_FL000,0.636
WW834_FL000,WW971_FL000,66.938
WW835_FL000,WW972_FL000,1.012
WW836_FL000,WW974_FL000,0.556
WW836_FL000,WW891_FL000,9237.406
WW840_FL000,WW954_FL000,0.631
WW841_FL000,WW956_FL000,1.122
WW842_FL000,WW958_FL000,0.792
WW842_FL000,WW981_FL000,3400.263
WW843_FL000,WW960_FL000,86.578
WW843_FL000,WW894_FL000,2076.772
WW847_FL000,WW962_FL000,0.803
WW848_FL000,WW955_FL000,0.557
WW849_FL000,WW957_FL000,12.707
WW850_FL000,WW961_FL000,0.222
WW872_FL000,WW986_FL000,0.460
WW880_FL000,WW881_FL000,9080.908
WW884_FL000,WW961_FL000,4979.851
WW886_FL000,WW981_FL000,0.558
WW887_FL000,WW977_FL000,0.250
WW888_FL000,WW975_FL000,0.435
WW889_FL000,WW959_FL000,6768.047
WW891_FL000,WW976_FL000,0.134
WW892_FL000,WW978_FL000,1.072
WW893_FL000,WW982_FL000,0.937
WW894_FL000,WW984_FL000,1.044
WW901_FL000,WW902_FL000,1802.384
WW958_FL000,WW971_FL000,5822.056
WW976_FL000,WW978_FL000,9262.649
ALLGAU_FL000,EDJA_FL000,2189.460
BRNO_FL000,LKTB_FL000,4452.892
GLEICHENBERG_FL000,GRAZ_FL000,26202.789
MALACKY_FL000,STEFANIK_FL000,29665.976
NAMEST_FL000,LKNA_FL000,6367.334
NAMEST_FL000,DESNA_FL000,45652.021
SARMELLEK_FL000,LHSM_FL000,3281.806
SCHWECHAT_FL000,STEINHOF_FL000,17113.429
WIERNER_FL000,SOLLENAU_FL000,3800.137
LKNA_FL000,LKTB_FL000,41783.157
