Navaid_ID,Sector_ID
EDDM,SECTOR_AIRPORT_EDDM
EDNY,SECTOR_AIRPORT_EDNY
LIPB,SECTOR_AIRPORT_LIPB
LOWG,SECTOR_AIRPORT_LOWG
LOWI,SECTOR_AIRPORT_LOWI
LOWK,SECTOR_AIRPORT_LOWK
LOWL,SECTOR_AIRPORT_LOWL
LOWS,SECTOR_AIRPORT_LOWS
LOWW,SECTOR_AIRPORT_LOWW
LZIB,SECTOR_AIRPORT_LZIB
4711E_FL000,SECTOR_000000
4812E_FL000,SECTOR_000001
AALEN_FL000,SECTOR_000002
ABABI_FL000,SECTOR_000003
ABETI_FL000,SECTOR_000004
ABGAS_FL000,SECTOR_000002
ABINN_FL000,SECTOR_000000
ABIRI_FL000,SECTOR_000005
ABISI_FL000,SECTOR_000003
ABLOM_FL000,SECTOR_000006
ABREG_FL000,SECTOR_000007
ABRUK_FL000,SECTOR_000005
ABTAL_FL000,SECTOR_000002
ADILO_FL000,SECTOR_000008
ADLET_FL000,SECTOR_000009
AKIMA_FL000,SECTOR_000003
AKINI_FL000,SECTOR_000010
ALAGO_FL000,SECTOR_000011
ALESE_FL000,SECTOR_000012
ALGOI_FL000,SECTOR_000007
ALMER_FL000,SECTOR_000005
ALONU_FL000,SECTOR_000013
AMADI_FL000,SECTOR_000003
AMEMI_FL000,SECTOR_000014
AMEXO_FL000,SECTOR_000015
AMPEG_FL000,SECTOR_000015
AMRIS_FL000,SECTOR_000016
ANDEC_FL000,SECTOR_000015
ANKER_FL000,SECTOR_000010
ARNOS_FL000,SECTOR_000012
ARSIN_FL000,SECTOR_000004
ARSUT_FL000,SECTOR_000011
ARTUS_FL000,SECTOR_000001
ASTUT_FL000,SECTOR_000017
ATRIG_FL000,SECTOR_000008
B0001_FL000,SECTOR_000018
B0002_FL000,SECTOR_000018
BABEG_FL000,SECTOR_000002
BADIT_FL000,SECTOR_000003
BADVI_FL000,SECTOR_000001
BAGSI_FL000,SECTOR_000005
BAKOR_FL000,SECTOR_000012
BALAD_FL000,SECTOR_000019
BAMUR_FL000,SECTOR_000007
BARUG_FL000,SECTOR_000020
BARUV_FL000,SECTOR_000020
BAVAX_FL000,SECTOR_000021
BEGEN_FL000,SECTOR_000021
BEGLA_FL000,SECTOR_000004
BEPAS_FL000,SECTOR_000022
BERAS_FL000,SECTOR_000000
BESNI_FL000,SECTOR_000023
BETOS_FL000,SECTOR_000015
BIKBI_FL000,SECTOR_000011
BIRGI_FL000,SECTOR_000024
BIXEL_FL000,SECTOR_000003
BODAN_FL000,SECTOR_000011
BOLMU_FL000,SECTOR_000025
BRENO_FL000,SECTOR_000008
BRK63_FL000,SECTOR_000026
BRK94_FL000,SECTOR_000026
BUDEX_FL000,SECTOR_000009
BURAM_FL000,SECTOR_000027
BUREG_FL000,SECTOR_000023
BZO22_FL000,SECTOR_000007
CHIEM_FL000,SECTOR_000001
DEGAB_FL000,SECTOR_000009
DEGIN_FL000,SECTOR_000003
DEGUM_FL000,SECTOR_000012
DENED_FL000,SECTOR_000008
DENUX_FL000,SECTOR_000028
DEPIN_FL000,SECTOR_000015
DETSA_FL000,SECTOR_000012
DILIT_FL000,SECTOR_000009
DIMLO_FL000,SECTOR_000004
DIMUP_FL000,SECTOR_000007
DINOG_FL000,SECTOR_000003
DISUN_FL000,SECTOR_000015
DITIS_FL000,SECTOR_000009
DIVAL_FL000,SECTOR_000004
DM010_FL000,SECTOR_000010
DM011_FL000,SECTOR_000010
DM014_FL000,SECTOR_000029
DM015_FL000,SECTOR_000021
DM020_FL000,SECTOR_000013
DM021_FL000,SECTOR_000013
DM024_FL000,SECTOR_000030
DM025_FL000,SECTOR_000021
DM026_FL000,SECTOR_000030
DM030_FL000,SECTOR_000023
DM031_FL000,SECTOR_000031
DM032_FL000,SECTOR_000021
DM033_FL000,SECTOR_000029
DM034_FL000,SECTOR_000032
DM035_FL000,SECTOR_000033
DM036_FL000,SECTOR_000031
DM040_FL000,SECTOR_000015
DM041_FL000,SECTOR_000021
DM044_FL000,SECTOR_000032
DM049_FL000,SECTOR_000021
DM050_FL000,SECTOR_000021
DM051_FL000,SECTOR_000021
DM052_FL000,SECTOR_000021
DM053_FL000,SECTOR_000031
DM054_FL000,SECTOR_000031
DM055_FL000,SECTOR_000031
DM056_FL000,SECTOR_000033
DM057_FL000,SECTOR_000010
DM058_FL000,SECTOR_000031
DM059_FL000,SECTOR_000034
DM060_FL000,SECTOR_000021
DM061_FL000,SECTOR_000021
DM062_FL000,SECTOR_000031
DM063_FL000,SECTOR_000023
DM064_FL000,SECTOR_000033
DM065_FL000,SECTOR_000010
DM066_FL000,SECTOR_000021
DM067_FL000,SECTOR_000029
DM068_FL000,SECTOR_000001
DM070_FL000,SECTOR_000032
DM071_FL000,SECTOR_000013
DM072_FL000,SECTOR_000032
DM073_FL000,SECTOR_000032
DM074_FL000,SECTOR_000013
DM075_FL000,SECTOR_000001
DM076_FL000,SECTOR_000001
DM077_FL000,SECTOR_000032
DM078_FL000,SECTOR_000013
DM079_FL000,SECTOR_000010
DM080_FL000,SECTOR_000013
DM081_FL000,SECTOR_000013
DM082_FL000,SECTOR_000013
DM083_FL000,SECTOR_000013
DM084_FL000,SECTOR_000032
DM085_FL000,SECTOR_000032
DM086_FL000,SECTOR_000013
DM087_FL000,SECTOR_000032
DM088_FL000,SECTOR_000010
DM089_FL000,SECTOR_000010
DM090_FL000,SECTOR_000032
DM091_FL000,SECTOR_000010
DM094_FL000,SECTOR_000013
DM411_FL000,SECTOR_000023
DM412_FL000,SECTOR_000010
DM420_FL000,SECTOR_000023
DM421_FL000,SECTOR_000023
DM422_FL000,SECTOR_000021
DM423_FL000,SECTOR_000033
DM424_FL000,SECTOR_000033
DM425_FL000,SECTOR_000010
DM426_FL000,SECTOR_000010
DM427_FL000,SECTOR_000010
DM428_FL000,SECTOR_000010
DM429_FL000,SECTOR_000003
DM430_FL000,SECTOR_000031
DM431_FL000,SECTOR_000031
DM433_FL000,SECTOR_000021
DM436_FL000,SECTOR_000013
DM438_FL000,SECTOR_000010
DM439_FL000,SECTOR_000003
DM440_FL000,SECTOR_000031
DM441_FL000,SECTOR_000031
DM443_FL000,SECTOR_000021
DM446_FL000,SECTOR_000013
DM448_FL000,SECTOR_000013
DM449_FL000,SECTOR_000003
DM450_FL000,SECTOR_000015
DM451_FL000,SECTOR_000034
DM452_FL000,SECTOR_000021
DM453_FL000,SECTOR_000021
DM454_FL000,SECTOR_000021
DM455_FL000,SECTOR_000013
DM456_FL000,SECTOR_000013
DM457_FL000,SECTOR_000013
DM458_FL000,SECTOR_000013
DM459_FL000,SECTOR_000003
DM460_FL000,SECTOR_000021
DM461_FL000,SECTOR_000001
DM531_FL000,SECTOR_000029
DM532_FL000,SECTOR_000033
DM541_FL000,SECTOR_000030
DM542_FL000,SECTOR_000021
DM551_FL000,SECTOR_000032
DM552_FL000,SECTOR_000010
DM561_FL000,SECTOR_000032
DM562_FL000,SECTOR_000013
DMN01_FL000,SECTOR_000029
DMN02_FL000,SECTOR_000032
DMN11_FL000,SECTOR_000032
DMN18_FL000,SECTOR_000032
DMN19_FL000,SECTOR_000032
DMN21_FL000,SECTOR_000032
DMN35_FL000,SECTOR_000021
DMS01_FL000,SECTOR_000030
DMS11_FL000,SECTOR_000032
DMS14_FL000,SECTOR_000021
DMS26_FL000,SECTOR_000030
DMS31_FL000,SECTOR_000021
DMS83_FL000,SECTOR_000032
DODIL_FL000,SECTOR_000002
DOMAL_FL000,SECTOR_000022
DONAX_FL000,SECTOR_000002
DONIX_FL000,SECTOR_000027
DS011_FL000,SECTOR_000011
DS020_FL000,SECTOR_000035
DS021_FL000,SECTOR_000035
DS026_FL000,SECTOR_000036
DS030_FL000,SECTOR_000036
DS031_FL000,SECTOR_000036
DS032_FL000,SECTOR_000035
DS033_FL000,SECTOR_000036
DS034_FL000,SECTOR_000011
DS035_FL000,SECTOR_000035
DS036_FL000,SECTOR_000036
DS037_FL000,SECTOR_000036
DS038_FL000,SECTOR_000035
DS410_FL000,SECTOR_000011
DS425_FL000,SECTOR_000035
DS426_FL000,SECTOR_000037
DS427_FL000,SECTOR_000011
DS435_FL000,SECTOR_000002
DS436_FL000,SECTOR_000011
DS511_FL000,SECTOR_000035
DS512_FL000,SECTOR_000035
DS513_FL000,SECTOR_000035
DS514_FL000,SECTOR_000002
DS515_FL000,SECTOR_000002
DS517_FL000,SECTOR_000011
DS520_FL000,SECTOR_000011
DS522_FL000,SECTOR_000035
DS523_FL000,SECTOR_000002
DS524_FL000,SECTOR_000002
DS525_FL000,SECTOR_000002
DS526_FL000,SECTOR_000035
DS531_FL000,SECTOR_000035
DS532_FL000,SECTOR_000035
DS533_FL000,SECTOR_000035
DS534_FL000,SECTOR_000038
DS535_FL000,SECTOR_000002
DS542_FL000,SECTOR_000037
DS543_FL000,SECTOR_000002
DS544_FL000,SECTOR_000002
DS545_FL000,SECTOR_000002
DS625_FL000,SECTOR_000035
DS725_FL000,SECTOR_000036
EBEDA_FL000,SECTOR_000001
EBEVO_FL000,SECTOR_000001
ELKAT_FL000,SECTOR_000005
ELMUG_FL000,SECTOR_000001
ELSIS_FL000,SECTOR_000005
ELVAG_FL000,SECTOR_000002
ENOGO_FL000,SECTOR_000008
ERKIR_FL000,SECTOR_000000
ERNAS_FL000,SECTOR_000023
ESEGA_FL000,SECTOR_000003
ESISO_FL000,SECTOR_000007
ETAGO_FL000,SECTOR_000035
ETOXU_FL000,SECTOR_000011
EUR29_FL000,SECTOR_000021
EVAXI_FL000,SECTOR_000004
EVIVA_FL000,SECTOR_000010
FHA01_FL000,SECTOR_000011
FHA28_FL000,SECTOR_000011
FHA35_FL000,SECTOR_000011
FHA52_FL000,SECTOR_000011
FHA69_FL000,SECTOR_000007
FHA81_FL000,SECTOR_000007
FHA89_FL000,SECTOR_000011
FHA98_FL000,SECTOR_000007
FRE45_FL000,SECTOR_000009
FUSSE_FL000,SECTOR_000007
GAMLI_FL000,SECTOR_000039
GASNA_FL000,SECTOR_000024
GESGI_FL000,SECTOR_000006
GILIN_FL000,SECTOR_000012
GIMBO_FL000,SECTOR_000009
GIMIX_FL000,SECTOR_000012
GIMOS_FL000,SECTOR_000007
GIRIS_FL000,SECTOR_000007
GISPO_FL000,SECTOR_000028
GIVMI_FL000,SECTOR_000023
GOGEM_FL000,SECTOR_000012
GOLVA_FL000,SECTOR_000005
GONBA_FL000,SECTOR_000003
GORLA_FL000,SECTOR_000008
GOTAR_FL000,SECTOR_000004
GRZ40_FL000,SECTOR_000005
GRZNB_FL000,SECTOR_000005
GUDEG_FL000,SECTOR_000010
GUPIN_FL000,SECTOR_000038
HAMAG_FL000,SECTOR_000009
IBIRU_FL000,SECTOR_000040
IBZ04_FL000,SECTOR_000012
IBZ07_FL000,SECTOR_000012
IBZ10_FL000,SECTOR_000012
IGL08_FL000,SECTOR_000010
IGL50_FL000,SECTOR_000010
IGLNB_FL000,SECTOR_000010
INPUD_FL000,SECTOR_000023
INSOL_FL000,SECTOR_000001
INTEX_FL000,SECTOR_000007
IRBIR_FL000,SECTOR_000008
ISTRI_FL000,SECTOR_000041
KANIN_FL000,SECTOR_000012
KEMAV_FL000,SECTOR_000002
KFT25_FL000,SECTOR_000005
KIRDI_FL000,SECTOR_000003
KLAGY_FL000,SECTOR_000005
KOGEX_FL000,SECTOR_000005
KOGOL_FL000,SECTOR_000000
KONIN_FL000,SECTOR_000000
KOVEL_FL000,SECTOR_000017
KPT23_FL000,SECTOR_000007
KTI04_FL000,SECTOR_000008
KTI05_FL000,SECTOR_000008
KTI08_FL000,SECTOR_000008
KUNET_FL000,SECTOR_000006
KUSAM_FL000,SECTOR_000007
LADAG_FL000,SECTOR_000009
LAKOL_FL000,SECTOR_000001
LALIN_FL000,SECTOR_000003
LANDU_FL000,SECTOR_000003
LANUX_FL000,SECTOR_000017
LASMI_FL000,SECTOR_000010
LBU41_FL000,SECTOR_000035
LBU45_FL000,SECTOR_000035
LCH03_FL000,SECTOR_000002
LCH04_FL000,SECTOR_000023
LCH05_FL000,SECTOR_000015
LCH06_FL000,SECTOR_000015
LCH07_FL000,SECTOR_000008
LCH08_FL000,SECTOR_000015
LCH09_FL000,SECTOR_000015
LCH16_FL000,SECTOR_000015
LCH27_FL000,SECTOR_000023
LCH30_FL000,SECTOR_000015
LCH34_FL000,SECTOR_000015
LCH35_FL000,SECTOR_000023
LCH40_FL000,SECTOR_000042
LCH50_FL000,SECTOR_000015
LCH97_FL000,SECTOR_000002
LCH99_FL000,SECTOR_000002
LEDRI_FL000,SECTOR_000006
LEDVA_FL000,SECTOR_000025
LELTA_FL000,SECTOR_000023
LEMSO_FL000,SECTOR_000008
LENIZ_FL000,SECTOR_000005
LEOBE_FL000,SECTOR_000005
LIKDA_FL000,SECTOR_000012
LIMRA_FL000,SECTOR_000005
LIZUM_FL000,SECTOR_000012
LNZ01_FL000,SECTOR_000043
LNZ08_FL000,SECTOR_000009
LNZ10_FL000,SECTOR_000009
LNZ11_FL000,SECTOR_000043
LNZ17_FL000,SECTOR_000003
LNZ20_FL000,SECTOR_000009
LNZ24_FL000,SECTOR_000044
LNZ35_FL000,SECTOR_000039
LNZ41_FL000,SECTOR_000009
LNZ42_FL000,SECTOR_000005
LNZ53_FL000,SECTOR_000005
LNZ60_FL000,SECTOR_000009
LNZ67_FL000,SECTOR_000045
LNZ70_FL000,SECTOR_000009
LNZ71_FL000,SECTOR_000003
LNZ79_FL000,SECTOR_000009
LNZNB_FL000,SECTOR_000009
LOFER_FL000,SECTOR_000001
LOMRO_FL000,SECTOR_000001
LORLO_FL000,SECTOR_000007
LUGIM_FL000,SECTOR_000009
LUPOL_FL000,SECTOR_000002
LUPOX_FL000,SECTOR_000046
LUSAN_FL000,SECTOR_000022
LUXEK_FL000,SECTOR_000000
MABOD_FL000,SECTOR_000017
MAGAT_FL000,SECTOR_000021
MAGIT_FL000,SECTOR_000045
MAH06_FL000,SECTOR_000021
MAH46_FL000,SECTOR_000021
MALAB_FL000,SECTOR_000002
MALUG_FL000,SECTOR_000012
MAMOR_FL000,SECTOR_000010
MANAL_FL000,SECTOR_000001
MAREG_FL000,SECTOR_000006
MASUR_FL000,SECTOR_000017
MATAR_FL000,SECTOR_000008
MATIG_FL000,SECTOR_000045
MBG03_FL000,SECTOR_000010
MBG11_FL000,SECTOR_000010
MBG12_FL000,SECTOR_000010
MBG13_FL000,SECTOR_000010
MDF11_FL000,SECTOR_000013
MEBEK_FL000,SECTOR_000003
MEXIT_FL000,SECTOR_000011
MIKOV_FL000,SECTOR_000017
MILGO_FL000,SECTOR_000005
MILKA_FL000,SECTOR_000011
MIQ23_FL000,SECTOR_000010
MIRLU_FL000,SECTOR_000006
MNE32_FL000,SECTOR_000029
MNW01_FL000,SECTOR_000032
MNW10_FL000,SECTOR_000013
MNW32_FL000,SECTOR_000032
MNW42_FL000,SECTOR_000013
MNW68_FL000,SECTOR_000013
MORED_FL000,SECTOR_000047
MORKO_FL000,SECTOR_000025
MOTIX_FL000,SECTOR_000009
MSE14_FL000,SECTOR_000031
MSE20_FL000,SECTOR_000031
MSE34_FL000,SECTOR_000030
MSW10_FL000,SECTOR_000013
MSW35_FL000,SECTOR_000032
MSW39_FL000,SECTOR_000013
MUN04_FL000,SECTOR_000001
MUN13_FL000,SECTOR_000021
MUN15_FL000,SECTOR_000001
MUN16_FL000,SECTOR_000030
MUN17_FL000,SECTOR_000013
MUN18_FL000,SECTOR_000015
MUN40_FL000,SECTOR_000001
MUN54_FL000,SECTOR_000001
MUN55_FL000,SECTOR_000001
MUN81_FL000,SECTOR_000001
MUN82_FL000,SECTOR_000003
MUREG_FL000,SECTOR_000048
NAKUM_FL000,SECTOR_000005
NALOX_FL000,SECTOR_000004
NAMAG_FL000,SECTOR_000009
NAMUG_FL000,SECTOR_000003
NANIT_FL000,SECTOR_000001
NAPSA_FL000,SECTOR_000001
NATAG_FL000,SECTOR_000007
NEBEL_FL000,SECTOR_000007
NELBI_FL000,SECTOR_000013
NEMAL_FL000,SECTOR_000005
NERDU_FL000,SECTOR_000017
NEU01_FL000,SECTOR_000023
NEU02_FL000,SECTOR_000023
NEU03_FL000,SECTOR_000023
NEU04_FL000,SECTOR_000023
NEU08_FL000,SECTOR_000027
NEU09_FL000,SECTOR_000010
NEU11_FL000,SECTOR_000023
NEU14_FL000,SECTOR_000023
NEU24_FL000,SECTOR_000023
NEU30_FL000,SECTOR_000023
NEU44_FL000,SECTOR_000023
NEU45_FL000,SECTOR_000023
NEU61_FL000,SECTOR_000049
NEU88_FL000,SECTOR_000023
NIDLO_FL000,SECTOR_000048
NIGEB_FL000,SECTOR_000008
NIGSI_FL000,SECTOR_000004
NIMDI_FL000,SECTOR_000010
NIMDU_FL000,SECTOR_000005
NIPEL_FL000,SECTOR_000041
NOBRU_FL000,SECTOR_000046
NOKDA_FL000,SECTOR_000005
NORGU_FL000,SECTOR_000014
NORIN_FL000,SECTOR_000000
NORPA_FL000,SECTOR_000050
NORTO_FL000,SECTOR_000008
NOTGA_FL000,SECTOR_000035
NUNRI_FL000,SECTOR_000007
NYW03_FL000,SECTOR_000007
NYW04_FL000,SECTOR_000007
NYW11_FL000,SECTOR_000011
NYW12_FL000,SECTOR_000011
OB249_FL000,SECTOR_000006
OBAGA_FL000,SECTOR_000000
OBAXA_FL000,SECTOR_000015
OBEDI_FL000,SECTOR_000005
OBI07_FL000,SECTOR_000015
OBI11_FL000,SECTOR_000015
OBI16_FL000,SECTOR_000015
OBI55_FL000,SECTOR_000015
OBIKA_FL000,SECTOR_000015
OBLLZ_FL000,SECTOR_000018
ODNEM_FL000,SECTOR_000025
OEJ00_FL000,SECTOR_000000
OEJ04_FL000,SECTOR_000000
OEJ06_FL000,SECTOR_000000
OEJ11_FL000,SECTOR_000051
OEJ14_FL000,SECTOR_000008
OEJ17_FL000,SECTOR_000008
OEJ18_FL000,SECTOR_000008
OEJ20_FL000,SECTOR_000008
OEN11_FL000,SECTOR_000052
OEV00_FL000,SECTOR_000000
OEV01_FL000,SECTOR_000051
OEV04_FL000,SECTOR_000000
OEV05_FL000,SECTOR_000000
OEV06_FL000,SECTOR_000000
OEV07_FL000,SECTOR_000000
OEV08_FL000,SECTOR_000000
OEV10_FL000,SECTOR_000000
OEV12_FL000,SECTOR_000000
OEV14_FL000,SECTOR_000000
OEV16_FL000,SECTOR_000000
OEV17_FL000,SECTOR_000000
OEV22_FL000,SECTOR_000000
OEZ13_FL000,SECTOR_000050
OEZ34_FL000,SECTOR_000050
OEZ55_FL000,SECTOR_000052
OGEPI_FL000,SECTOR_000008
OGRUB_FL000,SECTOR_000005
OKR18_FL000,SECTOR_000006
OLETU_FL000,SECTOR_000033
OLPIX_FL000,SECTOR_000012
OSPEN_FL000,SECTOR_000020
OTRES_FL000,SECTOR_000007
OTSIS_FL000,SECTOR_000008
OZE02_FL000,SECTOR_000012
OZE04_FL000,SECTOR_000012
OZE06_FL000,SECTOR_000012
OZE08_FL000,SECTOR_000007
PABSA_FL000,SECTOR_000003
PASAU_FL000,SECTOR_000022
PELAD_FL000,SECTOR_000007
PEREX_FL000,SECTOR_000005
PESAT_FL000,SECTOR_000004
PESIM_FL000,SECTOR_000002
PINKA_FL000,SECTOR_000053
PITAR_FL000,SECTOR_000007
PUBEG_FL000,SECTOR_000053
R1756_FL000,SECTOR_000006
R1757_FL000,SECTOR_000006
R1803_FL000,SECTOR_000005
R1804_FL000,SECTOR_000026
R1805_FL000,SECTOR_000026
R1816_FL000,SECTOR_000011
R1817_FL000,SECTOR_000011
R1819_FL000,SECTOR_000009
R2115_FL000,SECTOR_000015
R2130_FL000,SECTOR_000029
R2131_FL000,SECTOR_000030
R2132_FL000,SECTOR_000032
R2133_FL000,SECTOR_000032
R2398_FL000,SECTOR_000010
R3055_FL000,SECTOR_000015
RADLY_FL000,SECTOR_000005
RASTA_FL000,SECTOR_000005
RATGO_FL000,SECTOR_000048
RAVED_FL000,SECTOR_000011
REDVO_FL000,SECTOR_000002
REKLU_FL000,SECTOR_000025
REKTI_FL000,SECTOR_000005
RENKA_FL000,SECTOR_000003
RENLO_FL000,SECTOR_000023
RENTA_FL000,SECTOR_000007
RESIA_FL000,SECTOR_000007
REUTL_FL000,SECTOR_000011
RIDAR_FL000,SECTOR_000002
RIXED_FL000,SECTOR_000002
ROKIL_FL000,SECTOR_000023
ROMGA_FL000,SECTOR_000016
RONAK_FL000,SECTOR_000007
ROREM_FL000,SECTOR_000014
ROTAX_FL000,SECTOR_000001
ROTIN_FL000,SECTOR_000001
RTT04_FL000,SECTOR_000000
RTT06_FL000,SECTOR_000000
RTT08_FL000,SECTOR_000000
RTT12_FL000,SECTOR_000001
RUSOT_FL000,SECTOR_000011
SASAL_FL000,SECTOR_000004
SBGNB_FL000,SECTOR_000047
SG005_FL000,SECTOR_000036
SG010_FL000,SECTOR_000035
SIGGI_FL000,SECTOR_000010
SIMBA_FL000,SECTOR_000003
SIRDU_FL000,SECTOR_000004
SITKU_FL000,SECTOR_000023
SITNI_FL000,SECTOR_000020
SNU00_FL000,SECTOR_000019
SNU10_FL000,SECTOR_000054
SNU13_FL000,SECTOR_000054
SOPRO_FL000,SECTOR_000004
SOTOV_FL000,SECTOR_000008
STAUB_FL000,SECTOR_000003
STEIN_FL000,SECTOR_000004
STO00_FL000,SECTOR_000017
SUBEN_FL000,SECTOR_000003
SUDEN_FL000,SECTOR_000011
SUDUX_FL000,SECTOR_000008
SUMEK_FL000,SECTOR_000017
SUMIR_FL000,SECTOR_000012
SUMUG_FL000,SECTOR_000015
SUNIS_FL000,SECTOR_000004
SUXAN_FL000,SECTOR_000007
TAGAS_FL000,SECTOR_000020
TAKUS_FL000,SECTOR_000001
TEGAD_FL000,SECTOR_000008
TEGBA_FL000,SECTOR_000023
TEKSI_FL000,SECTOR_000002
TELSI_FL000,SECTOR_000041
TEMLI_FL000,SECTOR_000009
TEMTA_FL000,SECTOR_000017
TGO10_FL000,SECTOR_000055
TILGO_FL000,SECTOR_000015
TIRUL_FL000,SECTOR_000007
TISAX_FL000,SECTOR_000007
TISKO_FL000,SECTOR_000048
TITIG_FL000,SECTOR_000001
TOBSO_FL000,SECTOR_000012
TOVKA_FL000,SECTOR_000056
TRAUN_FL000,SECTOR_000001
TULSI_FL000,SECTOR_000000
TURBU_FL000,SECTOR_000001
TUTAL_FL000,SECTOR_000008
ULMEX_FL000,SECTOR_000002
UMBIL_FL000,SECTOR_000020
UNIMI_FL000,SECTOR_000008
UNKEN_FL000,SECTOR_000001
UNSER_FL000,SECTOR_000035
URAVA_FL000,SECTOR_000012
UTABA_FL000,SECTOR_000011
VADOV_FL000,SECTOR_000009
VAMAS_FL000,SECTOR_000003
VAVOR_FL000,SECTOR_000001
VEBEG_FL000,SECTOR_000007
VEKEN_FL000,SECTOR_000012
VELOM_FL000,SECTOR_000003
VEMUG_FL000,SECTOR_000023
VENEN_FL000,SECTOR_000009
VENOG_FL000,SECTOR_000012
VESAL_FL000,SECTOR_000012
VIBUG_FL000,SECTOR_000003
WGM00_FL000,SECTOR_000050
WGM12_FL000,SECTOR_000026
WGM15_FL000,SECTOR_000026
WGM19_FL000,SECTOR_000052
WGM21_FL000,SECTOR_000052
WGM22_FL000,SECTOR_000057
WGM29_FL000,SECTOR_000050
WGM58_FL000,SECTOR_000026
WGM74_FL000,SECTOR_000057
WGM87_FL000,SECTOR_000026
WLD18_FL000,SECTOR_000031
WO114_FL000,SECTOR_000026
WW002_FL000,SECTOR_000058
WW003_FL000,SECTOR_000006
WW004_FL000,SECTOR_000006
WW005_FL000,SECTOR_000006
WW006_FL000,SECTOR_000006
WW008_FL000,SECTOR_000006
WW009_FL000,SECTOR_000006
WW011_FL000,SECTOR_000028
WW013_FL000,SECTOR_000028
WW014_FL000,SECTOR_000028
WW017_FL000,SECTOR_000028
WW018_FL000,SECTOR_000028
WW019_FL000,SECTOR_000017
WW020_FL000,SECTOR_000059
WW022_FL000,SECTOR_000058
WW028_FL000,SECTOR_000054
WW029_FL000,SECTOR_000054
WW030_FL000,SECTOR_000054
WW031_FL000,SECTOR_000054
WW032_FL000,SECTOR_000054
WW033_FL000,SECTOR_000054
WW034_FL000,SECTOR_000054
WW035_FL000,SECTOR_000054
WW036_FL000,SECTOR_000054
WW038_FL000,SECTOR_000050
WW041_FL000,SECTOR_000050
WW042_FL000,SECTOR_000050
WW044_FL000,SECTOR_000050
WW045_FL000,SECTOR_000050
WW046_FL000,SECTOR_000050
WW100_FL000,SECTOR_000026
WW101_FL000,SECTOR_000052
WW102_FL000,SECTOR_000052
WW103_FL000,SECTOR_000019
WW105_FL000,SECTOR_000028
WW106_FL000,SECTOR_000017
WW107_FL000,SECTOR_000026
WW108_FL000,SECTOR_000006
WW109_FL000,SECTOR_000004
WW110_FL000,SECTOR_000026
WW111_FL000,SECTOR_000026
WW112_FL000,SECTOR_000028
WW114_FL000,SECTOR_000060
WW115_FL000,SECTOR_000019
WW116_FL000,SECTOR_000020
WW117_FL000,SECTOR_000019
WW118_FL000,SECTOR_000026
WW121_FL000,SECTOR_000019
WW122_FL000,SECTOR_000054
WW123_FL000,SECTOR_000026
WW124_FL000,SECTOR_000052
WW125_FL000,SECTOR_000052
WW126_FL000,SECTOR_000057
WW127_FL000,SECTOR_000061
WW128_FL000,SECTOR_000052
WW129_FL000,SECTOR_000052
WW130_FL000,SECTOR_000019
WW134_FL000,SECTOR_000028
WW135_FL000,SECTOR_000017
WW136_FL000,SECTOR_000026
WW137_FL000,SECTOR_000026
WW139_FL000,SECTOR_000026
WW140_FL000,SECTOR_000026
WW141_FL000,SECTOR_000054
WW142_FL000,SECTOR_000054
WW143_FL000,SECTOR_000060
WW144_FL000,SECTOR_000054
WW146_FL000,SECTOR_000017
WW147_FL000,SECTOR_000020
WW148_FL000,SECTOR_000020
WW149_FL000,SECTOR_000020
WW151_FL000,SECTOR_000026
WW152_FL000,SECTOR_000050
WW153_FL000,SECTOR_000056
WW166_FL000,SECTOR_000026
WW170_FL000,SECTOR_000050
WW178_FL000,SECTOR_000020
WW181_FL000,SECTOR_000006
WW190_FL000,SECTOR_000009
WW191_FL000,SECTOR_000009
WW192_FL000,SECTOR_000009
WW201_FL000,SECTOR_000048
WW202_FL000,SECTOR_000004
WW230_FL000,SECTOR_000028
WW231_FL000,SECTOR_000028
WW232_FL000,SECTOR_000060
WW233_FL000,SECTOR_000060
WW261_FL000,SECTOR_000058
WW262_FL000,SECTOR_000054
WW263_FL000,SECTOR_000019
WW264_FL000,SECTOR_000019
WW265_FL000,SECTOR_000052
WW267_FL000,SECTOR_000052
WW268_FL000,SECTOR_000052
WW269_FL000,SECTOR_000052
WW271_FL000,SECTOR_000052
WW272_FL000,SECTOR_000056
WW273_FL000,SECTOR_000028
WW274_FL000,SECTOR_000028
WW275_FL000,SECTOR_000019
WW278_FL000,SECTOR_000006
WW282_FL000,SECTOR_000062
WW283_FL000,SECTOR_000060
WW286_FL000,SECTOR_000019
WW287_FL000,SECTOR_000019
WW288_FL000,SECTOR_000028
WW289_FL000,SECTOR_000019
WW290_FL000,SECTOR_000028
WW293_FL000,SECTOR_000026
WW295_FL000,SECTOR_000026
WW296_FL000,SECTOR_000026
WW298_FL000,SECTOR_000028
WW300_FL000,SECTOR_000019
WW301_FL000,SECTOR_000019
WW304_FL000,SECTOR_000026
WW370_FL000,SECTOR_000019
WW371_FL000,SECTOR_000056
WW372_FL000,SECTOR_000056
WW373_FL000,SECTOR_000056
WW374_FL000,SECTOR_000050
WW375_FL000,SECTOR_000019
WW377_FL000,SECTOR_000019
WW378_FL000,SECTOR_000019
WW379_FL000,SECTOR_000060
WW380_FL000,SECTOR_000019
WW381_FL000,SECTOR_000028
WW382_FL000,SECTOR_000028
WW400_FL000,SECTOR_000056
WW401_FL000,SECTOR_000050
WW402_FL000,SECTOR_000017
WW403_FL000,SECTOR_000028
WW404_FL000,SECTOR_000028
WW405_FL000,SECTOR_000028
WW411_FL000,SECTOR_000056
WW412_FL000,SECTOR_000050
WW413_FL000,SECTOR_000050
WW421_FL000,SECTOR_000006
WW422_FL000,SECTOR_000006
WW423_FL000,SECTOR_000006
WW424_FL000,SECTOR_000026
WW425_FL000,SECTOR_000026
WW426_FL000,SECTOR_000054
WW427_FL000,SECTOR_000052
WW431_FL000,SECTOR_000054
WW432_FL000,SECTOR_000054
WW433_FL000,SECTOR_000056
WW434_FL000,SECTOR_000050
WW440_FL000,SECTOR_000050
WW590_FL000,SECTOR_000056
WW591_FL000,SECTOR_000056
WW592_FL000,SECTOR_000052
WW593_FL000,SECTOR_000052
WW594_FL000,SECTOR_000058
WW595_FL000,SECTOR_000026
WW596_FL000,SECTOR_000026
WW597_FL000,SECTOR_000026
WW641_FL000,SECTOR_000052
WW643_FL000,SECTOR_000054
WW644_FL000,SECTOR_000057
WW645_FL000,SECTOR_000052
WW650_FL000,SECTOR_000028
WW651_FL000,SECTOR_000028
WW652_FL000,SECTOR_000028
WW653_FL000,SECTOR_000017
WW654_FL000,SECTOR_000017
WW655_FL000,SECTOR_000017
WW656_FL000,SECTOR_000017
WW657_FL000,SECTOR_000028
WW658_FL000,SECTOR_000059
WW659_FL000,SECTOR_000028
WW660_FL000,SECTOR_000050
WW661_FL000,SECTOR_000028
WW662_FL000,SECTOR_000050
WW663_FL000,SECTOR_000060
WW665_FL000,SECTOR_000052
WW667_FL000,SECTOR_000063
WW669_FL000,SECTOR_000019
WW670_FL000,SECTOR_000050
WW671_FL000,SECTOR_000050
WW672_FL000,SECTOR_000050
WW673_FL000,SECTOR_000017
WW674_FL000,SECTOR_000017
WW675_FL000,SECTOR_000017
WW676_FL000,SECTOR_000050
WW678_FL000,SECTOR_000050
WW680_FL000,SECTOR_000056
WW684_FL000,SECTOR_000006
WW686_FL000,SECTOR_000019
WW688_FL000,SECTOR_000056
WW690_FL000,SECTOR_000050
WW774_FL000,SECTOR_000004
WW775_FL000,SECTOR_000056
WW811_FL000,SECTOR_000028
WW812_FL000,SECTOR_000028
WW813_FL000,SECTOR_000017
WW816_FL000,SECTOR_000050
WW817_FL000,SECTOR_000050
WW818_FL000,SECTOR_000050
WW819_FL000,SECTOR_000017
WW829_FL000,SECTOR_000006
WW830_FL000,SECTOR_000006
WW831_FL000,SECTOR_000006
WW834_FL000,SECTOR_000054
WW835_FL000,SECTOR_000054
WW836_FL000,SECTOR_000004
WW840_FL000,SECTOR_000004
WW841_FL000,SECTOR_000063
WW842_FL000,SECTOR_000057
WW843_FL000,SECTOR_000052
WW844_FL000,SECTOR_000028
WW845_FL000,SECTOR_000028
WW846_FL000,SECTOR_000017
WW847_FL000,SECTOR_000019
WW848_FL000,SECTOR_000006
WW849_FL000,SECTOR_000006
WW850_FL000,SECTOR_000056
WW851_FL000,SECTOR_000050
WW852_FL000,SECTOR_000059
WW853_FL000,SECTOR_000017
WW871_FL000,SECTOR_000059
WW872_FL000,SECTOR_000019
WW874_FL000,SECTOR_000064
WW875_FL000,SECTOR_000056
WW876_FL000,SECTOR_000006
WW880_FL000,SECTOR_000017
WW881_FL000,SECTOR_000050
WW882_FL000,SECTOR_000050
WW883_FL000,SECTOR_000065
WW884_FL000,SECTOR_000056
WW885_FL000,SECTOR_000058
WW886_FL000,SECTOR_000057
WW887_FL000,SECTOR_000066
WW888_FL000,SECTOR_000004
WW889_FL000,SECTOR_000058
WW890_FL000,SECTOR_000006
WW891_FL000,SECTOR_000004
WW892_FL000,SECTOR_000054
WW893_FL000,SECTOR_000054
WW894_FL000,SECTOR_000052
WW895_FL000,SECTOR_000017
WW896_FL000,SECTOR_000050
WW901_FL000,SECTOR_000019
WW902_FL000,SECTOR_000019
WW950_FL000,SECTOR_000058
WW951_FL000,SECTOR_000006
WW952_FL000,SECTOR_000006
WW953_FL000,SECTOR_000006
WW954_FL000,SECTOR_000004
WW955_FL000,SECTOR_000006
WW956_FL000,SECTOR_000063
WW957_FL000,SECTOR_000006
WW958_FL000,SECTOR_000054
WW959_FL000,SECTOR_000058
WW960_FL000,SECTOR_000052
WW961_FL000,SECTOR_000056
WW962_FL000,SECTOR_000019
WW963_FL000,SECTOR_000050
WW970_FL000,SECTOR_000057
WW971_FL000,SECTOR_000054
WW972_FL000,SECTOR_000054
WW973_FL000,SECTOR_000061
WW974_FL000,SECTOR_000004
WW975_FL000,SECTOR_000004
WW976_FL000,SECTOR_000004
WW977_FL000,SECTOR_000004
WW978_FL000,SECTOR_000054
WW979_FL000,SECTOR_000054
WW980_FL000,SECTOR_000054
WW981_FL000,SECTOR_000057
WW982_FL000,SECTOR_000054
WW984_FL000,SECTOR_000052
WW986_FL000,SECTOR_000019
XANUT_FL000,SECTOR_000004
XENAK_FL000,SECTOR_000006
XERUM_FL000,SECTOR_000027
YESEN_FL000,SECTOR_000041
ABSAM_FL000,SECTOR_000000
ALLGAU_FL000,SECTOR_000014
AUGSBURG_FL000,SECTOR_000042
BOLZANO_FL000,SECTOR_000067
BRNO_FL000,SECTOR_000025
CESKE_FL000,SECTOR_000009
EGGENFELDEN_FL000,SECTOR_000003
FRIEDRICHSHAFEN_FL000,SECTOR_000011
GLEICHENBERG_FL000,SECTOR_000048
GRAZ_FL000,SECTOR_000005
INGOLSTADT_FL000,SECTOR_000010
INNSBRUCK_FL000,SECTOR_000051
KLAGENFURT_FL000,SECTOR_000005
KUHTAI_FL000,SECTOR_000008
LANDSBERG_FL000,SECTOR_000015
LAUPHEIM_FL000,SECTOR_000002
LINZ_FL000,SECTOR_000009
MALACKY_FL000,SECTOR_000025
MENGEN_FL000,SECTOR_000011
MIKE_FL000,SECTOR_000023
MUNCHEN_FL000,SECTOR_000021
NAMEST_FL000,SECTOR_000017
NORDLINGEN_FL000,SECTOR_000002
OBERPFAFFENHOFEN_FL000,SECTOR_000015
RATTENBERG_FL000,SECTOR_000000
SALZBURG_FL000,SECTOR_000047
SARMELLEK_FL000,SECTOR_000004
SCHWECHAT_FL000,SECTOR_000026
STEFANIK_FL000,SECTOR_000025
STEINHOF_FL000,SECTOR_000028
TULLN_FL000,SECTOR_000017
WIERNER_FL000,SECTOR_000019
ZELTWEG_FL000,SECTOR_000005
DESNA_FL000,SECTOR_000017
EURACH_FL000,SECTOR_000000
FISCHAMEND_FL000,SECTOR_000026
FREISTADT_FL000,SECTOR_000009
KEMPTEN_FL000,SECTOR_000014
LUBURG_FL000,SECTOR_000035
MAISACH_FL000,SECTOR_000031
MILLDORF_FL000,SECTOR_000013
MOOSBURG_FL000,SECTOR_000003
RODING_FL000,SECTOR_000010
SOLLENAU_FL000,SECTOR_000019
STOCKERAU_FL000,SECTOR_000017
VILLACH_FL000,SECTOR_000005
WAGRAM_FL000,SECTOR_000050
EDJA_FL000,SECTOR_000014
LHSM_FL000,SECTOR_000004
LKNA_FL000,SECTOR_000017
LKTB_FL000,SECTOR_000068
LSZR_FL000,SECTOR_000007
CORVATSCH_FL000,SECTOR_000007
ERDING_FL000,SECTOR_000013
LECHFELD_FL000,SECTOR_000015
NEUBURG_FL000,SECTOR_000023
