IDENTIFIER,LAT,LON,ALTITUDE,IS_AIRPORT
EDDB,52.361738,13.502341,0.0,1
EDDF,50.026706,8.55835,0.0,1
EHAM,52.308601,4.76389,0.0,1
EKCH,55.617900848389,12.656000137329,0.0,1
LFPG,49.00896,2.554117,0.0,1
LOWW,48.110298,16.5697,0.0,1
LSZH,47.458056,8.548056,0.0,1
GRID_CENTRAL-EUROPE_Y00X00_FL300,45.518277833333336,0.7634703333333334,9144.0,0
GRID_CENTRAL-EUROPE_Y00X01_FL300,45.518277833333336,1.3525110000000002,9144.0,0
GRID_CENTRAL-EUROPE_Y00X02_FL300,45.518277833333336,1.9415516666666668,9144.0,0
GRID_CENTRAL-EUROPE_Y00X03_FL300,45.518277833333336,2.5305923333333338,9144.0,0
GRID_CENTRAL-EUROPE_Y00X04_FL300,45.518277833333336,3.1196330000000003,9144.0,0
GRID_CENTRAL-EUROPE_Y00X05_FL300,45.518277833333336,3.7086736666666673,9144.0,0
GRID_CENTRAL-EUROPE_Y00X06_FL300,45.518277833333336,4.297714333333333,9144.0,0
GRID_CENTRAL-EUROPE_Y00X07_FL300,45.518277833333336,4.886755000000001,9144.0,0
GRID_CENTRAL-EUROPE_Y00X08_FL300,45.518277833333336,5.475795666666668,9144.0,0
GRID_CENTRAL-EUROPE_Y00X09_FL300,45.518277833333336,6.064836333333334,9144.0,0
GRID_CENTRAL-EUROPE_Y00X10_FL300,45.518277833333336,6.653877000000001,9144.0,0
GRID_CENTRAL-EUROPE_Y00X11_FL300,45.518277833333336,7.242917666666667,9144.0,0
GRID_CENTRAL-EUROPE_Y00X12_FL300,45.518277833333336,7.8319583333333345,9144.0,0
GRID_CENTRAL-EUROPE_Y00X13_FL300,45.518277833333336,8.420999000000002,9144.0,0
GRID_CENTRAL-EUROPE_Y00X14_FL300,45.518277833333336,9.010039666666668,9144.0,0
GRID_CENTRAL-EUROPE_Y00X15_FL300,45.518277833333336,9.599080333333335,9144.0,0
GRID_CENTRAL-EUROPE_Y00X16_FL300,45.518277833333336,10.188121,9144.0,0
GRID_CENTRAL-EUROPE_Y00X17_FL300,45.518277833333336,10.777161666666668,9144.0,0
GRID_CENTRAL-EUROPE_Y00X18_FL300,45.518277833333336,11.366202333333336,9144.0,0
GRID_CENTRAL-EUROPE_Y00X19_FL300,45.518277833333336,11.955243000000001,9144.0,0
GRID_CENTRAL-EUROPE_Y00X20_FL300,45.518277833333336,12.544283666666669,9144.0,0
GRID_CENTRAL-EUROPE_Y00X21_FL300,45.518277833333336,13.133324333333334,9144.0,0
GRID_CENTRAL-EUROPE_Y00X22_FL300,45.518277833333336,13.722365000000002,9144.0,0
GRID_CENTRAL-EUROPE_Y00X23_FL300,45.518277833333336,14.31140566666667,9144.0,0
GRID_CENTRAL-EUROPE_Y00X24_FL300,45.518277833333336,14.900446333333335,9144.0,0
GRID_CENTRAL-EUROPE_Y00X25_FL300,45.518277833333336,15.489487000000002,9144.0,0
GRID_CENTRAL-EUROPE_Y00X26_FL300,45.518277833333336,16.07852766666667,9144.0,0
GRID_CENTRAL-EUROPE_Y00X27_FL300,45.518277833333336,16.667568333333335,9144.0,0
GRID_CENTRAL-EUROPE_Y00X28_FL300,45.518277833333336,17.256609,9144.0,0
GRID_CENTRAL-EUROPE_Y00X29_FL300,45.518277833333336,17.84564966666667,9144.0,0
GRID_CENTRAL-EUROPE_Y01X00_FL300,45.8954935,0.7634703333333334,9144.0,0
GRID_CENTRAL-EUROPE_Y01X01_FL300,45.8954935,1.3525110000000002,9144.0,0
GRID_CENTRAL-EUROPE_Y01X02_FL300,45.8954935,1.9415516666666668,9144.0,0
GRID_CENTRAL-EUROPE_Y01X03_FL300,45.8954935,2.5305923333333338,9144.0,0
GRID_CENTRAL-EUROPE_Y01X04_FL300,45.8954935,3.1196330000000003,9144.0,0
GRID_CENTRAL-EUROPE_Y01X05_FL300,45.8954935,3.7086736666666673,9144.0,0
GRID_CENTRAL-EUROPE_Y01X06_FL300,45.8954935,4.297714333333333,9144.0,0
GRID_CENTRAL-EUROPE_Y01X07_FL300,45.8954935,4.886755000000001,9144.0,0
GRID_CENTRAL-EUROPE_Y01X08_FL300,45.8954935,5.475795666666668,9144.0,0
GRID_CENTRAL-EUROPE_Y01X09_FL300,45.8954935,6.064836333333334,9144.0,0
GRID_CENTRAL-EUROPE_Y01X10_FL300,45.8954935,6.653877000000001,9144.0,0
GRID_CENTRAL-EUROPE_Y01X11_FL300,45.8954935,7.242917666666667,9144.0,0
GRID_CENTRAL-EUROPE_Y01X12_FL300,45.8954935,7.8319583333333345,9144.0,0
GRID_CENTRAL-EUROPE_Y01X13_FL300,45.8954935,8.420999000000002,9144.0,0
GRID_CENTRAL-EUROPE_Y01X14_FL300,45.8954935,9.010039666666668,9144.0,0
GRID_CENTRAL-EUROPE_Y01X15_FL300,45.8954935,9.599080333333335,9144.0,0
GRID_CENTRAL-EUROPE_Y01X16_FL300,45.8954935,10.188121,9144.0,0
GRID_CENTRAL-EUROPE_Y01X17_FL300,45.8954935,10.777161666666668,9144.0,0
GRID_CENTRAL-EUROPE_Y01X18_FL300,45.8954935,11.366202333333336,9144.0,0
GRID_CENTRAL-EUROPE_Y01X19_FL300,45.8954935,11.955243000000001,9144.0,0
GRID_CENTRAL-EUROPE_Y01X20_FL300,45.8954935,12.544283666666669,9144.0,0
GRID_CENTRAL-EUROPE_Y01X21_FL300,45.8954935,13.133324333333334,9144.0,0
GRID_CENTRAL-EUROPE_Y01X22_FL300,45.8954935,13.722365000000002,9144.0,0
GRID_CENTRAL-EUROPE_Y01X23_FL300,45.8954935,14.31140566666667,9144.0,0
GRID_CENTRAL-EUROPE_Y01X24_FL300,45.8954935,14.900446333333335,9144.0,0
GRID_CENTRAL-EUROPE_Y01X25_FL300,45.8954935,15.489487000000002,9144.0,0
GRID_CENTRAL-EUROPE_Y01X26_FL300,45.8954935,16.07852766666667,9144.0,0
GRID_CENTRAL-EUROPE_Y01X27_FL300,45.8954935,16.667568333333335,9144.0,0
GRID_CENTRAL-EUROPE_Y01X28_FL300,45.8954935,17.256609,9144.0,0
GRID_CENTRAL-EUROPE_Y01X29_FL300,45.8954935,17.84564966666667,9144.0,0
GRID_CENTRAL-EUROPE_Y02X00_FL300,46.272709166666665,0.7634703333333334,9144.0,0
GRID_CENTRAL-EUROPE_Y02X01_FL300,46.272709166666665,1.3525110000000002,9144.0,0
GRID_CENTRAL-EUROPE_Y02X02_FL300,46.272709166666665,1.9415516666666668,9144.0,0
GRID_CENTRAL-EUROPE_Y02X03_FL300,46.272709166666665,2.5305923333333338,9144.0,0
GRID_CENTRAL-EUROPE_Y02X04_FL300,46.272709166666665,3.1196330000000003,9144.0,0
GRID_CENTRAL-EUROPE_Y02X05_FL300,46.272709166666665,3.7086736666666673,9144.0,0
GRID_CENTRAL-EUROPE_Y02X06_FL300,46.272709166666665,4.297714333333333,9144.0,0
GRID_CENTRAL-EUROPE_Y02X07_FL300,46.272709166666665,4.886755000000001,9144.0,0
GRID_CENTRAL-EUROPE_Y02X08_FL300,46.272709166666665,5.475795666666668,9144.0,0
GRID_CENTRAL-EUROPE_Y02X09_FL300,46.272709166666665,6.064836333333334,9144.0,0
GRID_CENTRAL-EUROPE_Y02X10_FL300,46.272709166666665,6.653877000000001,9144.0,0
GRID_CENTRAL-EUROPE_Y02X11_FL300,46.272709166666665,7.242917666666667,9144.0,0
GRID_CENTRAL-EUROPE_Y02X12_FL300,46.272709166666665,7.8319583333333345,9144.0,0
GRID_CENTRAL-EUROPE_Y02X13_FL300,46.272709166666665,8.420999000000002,9144.0,0
GRID_CENTRAL-EUROPE_Y02X14_FL300,46.272709166666665,9.010039666666668,9144.0,0
GRID_CENTRAL-EUROPE_Y02X15_FL300,46.272709166666665,9.599080333333335,9144.0,0
GRID_CENTRAL-EUROPE_Y02X16_FL300,46.272709166666665,10.188121,9144.0,0
GRID_CENTRAL-EUROPE_Y02X17_FL300,46.272709166666665,10.777161666666668,9144.0,0
GRID_CENTRAL-EUROPE_Y02X18_FL300,46.272709166666665,11.366202333333336,9144.0,0
GRID_CENTRAL-EUROPE_Y02X19_FL300,46.272709166666665,11.955243000000001,9144.0,0
GRID_CENTRAL-EUROPE_Y02X20_FL300,46.272709166666665,12.544283666666669,9144.0,0
GRID_CENTRAL-EUROPE_Y02X21_FL300,46.272709166666665,13.133324333333334,9144.0,0
GRID_CENTRAL-EUROPE_Y02X22_FL300,46.272709166666665,13.722365000000002,9144.0,0
GRID_CENTRAL-EUROPE_Y02X23_FL300,46.272709166666665,14.31140566666667,9144.0,0
GRID_CENTRAL-EUROPE_Y02X24_FL300,46.272709166666665,14.900446333333335,9144.0,0
GRID_CENTRAL-EUROPE_Y02X25_FL300,46.272709166666665,15.489487000000002,9144.0,0
GRID_CENTRAL-EUROPE_Y02X26_FL300,46.272709166666665,16.07852766666667,9144.0,0
GRID_CENTRAL-EUROPE_Y02X27_FL300,46.272709166666665,16.667568333333335,9144.0,0
GRID_CENTRAL-EUROPE_Y02X28_FL300,46.272709166666665,17.256609,9144.0,0
GRID_CENTRAL-EUROPE_Y02X29_FL300,46.272709166666665,17.84564966666667,9144.0,0
GRID_CENTRAL-EUROPE_Y03X00_FL300,46.64992483333334,0.7634703333333334,9144.0,0
GRID_CENTRAL-EUROPE_Y03X01_FL300,46.64992483333334,1.3525110000000002,9144.0,0
GRID_CENTRAL-EUROPE_Y03X02_FL300,46.64992483333334,1.9415516666666668,9144.0,0
GRID_CENTRAL-EUROPE_Y03X03_FL300,46.64992483333334,2.5305923333333338,9144.0,0
GRID_CENTRAL-EUROPE_Y03X04_FL300,46.64992483333334,3.1196330000000003,9144.0,0
GRID_CENTRAL-EUROPE_Y03X05_FL300,46.64992483333334,3.7086736666666673,9144.0,0
GRID_CENTRAL-EUROPE_Y03X06_FL300,46.64992483333334,4.297714333333333,9144.0,0
GRID_CENTRAL-EUROPE_Y03X07_FL300,46.64992483333334,4.886755000000001,9144.0,0
GRID_CENTRAL-EUROPE_Y03X08_FL300,46.64992483333334,5.475795666666668,9144.0,0
GRID_CENTRAL-EUROPE_Y03X09_FL300,46.64992483333334,6.064836333333334,9144.0,0
GRID_CENTRAL-EUROPE_Y03X10_FL300,46.64992483333334,6.653877000000001,9144.0,0
GRID_CENTRAL-EUROPE_Y03X11_FL300,46.64992483333334,7.242917666666667,9144.0,0
GRID_CENTRAL-EUROPE_Y03X12_FL300,46.64992483333334,7.8319583333333345,9144.0,0
GRID_CENTRAL-EUROPE_Y03X13_FL300,46.64992483333334,8.420999000000002,9144.0,0
GRID_CENTRAL-EUROPE_Y03X14_FL300,46.64992483333334,9.010039666666668,9144.0,0
GRID_CENTRAL-EUROPE_Y03X15_FL300,46.64992483333334,9.599080333333335,9144.0,0
GRID_CENTRAL-EUROPE_Y03X16_FL300,46.64992483333334,10.188121,9144.0,0
GRID_CENTRAL-EUROPE_Y03X17_FL300,46.64992483333334,10.777161666666668,9144.0,0
GRID_CENTRAL-EUROPE_Y03X18_FL300,46.64992483333334,11.366202333333336,9144.0,0
GRID_CENTRAL-EUROPE_Y03X19_FL300,46.64992483333334,11.955243000000001,9144.0,0
GRID_CENTRAL-EUROPE_Y03X20_FL300,46.64992483333334,12.544283666666669,9144.0,0
GRID_CENTRAL-EUROPE_Y03X21_FL300,46.64992483333334,13.133324333333334,9144.0,0
GRID_CENTRAL-EUROPE_Y03X22_FL300,46.64992483333334,13.722365000000002,9144.0,0
GRID_CENTRAL-EUROPE_Y03X23_FL300,46.64992483333334,14.31140566666667,9144.0,0
GRID_CENTRAL-EUROPE_Y03X24_FL300,46.64992483333334,14.900446333333335,9144.0,0
GRID_CENTRAL-EUROPE_Y03X25_FL300,46.64992483333334,15.489487000000002,9144.0,0
GRID_CENTRAL-EUROPE_Y03X26_FL300,46.64992483333334,16.07852766666667,9144.0,0
GRID_CENTRAL-EUROPE_Y03X27_FL300,46.64992483333334,16.667568333333335,9144.0,0
GRID_CENTRAL-EUROPE_Y03X28_FL300,46.64992483333334,17.256609,9144.0,0
GRID_CENTRAL-EUROPE_Y03X29_FL300,46.64992483333334,17.84564966666667,9144.0,0
GRID_CENTRAL-EUROPE_Y04X00_FL300,47.0271405,0.7634703333333334,9144.0,0
GRID_CENTRAL-EUROPE_Y04X01_FL300,47.0271405,1.3525110000000002,9144.0,0
GRID_CENTRAL-EUROPE_Y04X02_FL300,47.0271405,1.9415516666666668,9144.0,0
GRID_CENTRAL-EUROPE_Y04X03_FL300,47.0271405,2.5305923333333338,9144.0,0
GRID_CENTRAL-EUROPE_Y04X04_FL300,47.0271405,3.1196330000000003,9144.0,0
GRID_CENTRAL-EUROPE_Y04X05_FL300,47.0271405,3.7086736666666673,9144.0,0
GRID_CENTRAL-EUROPE_Y04X06_FL300,47.0271405,4.297714333333333,9144.0,0
GRID_CENTRAL-EUROPE_Y04X07_FL300,47.0271405,4.886755000000001,9144.0,0
GRID_CENTRAL-EUROPE_Y04X08_FL300,47.0271405,5.475795666666668,9144.0,0
GRID_CENTRAL-EUROPE_Y04X09_FL300,47.0271405,6.064836333333334,9144.0,0
GRID_CENTRAL-EUROPE_Y04X10_FL300,47.0271405,6.653877000000001,9144.0,0
GRID_CENTRAL-EUROPE_Y04X11_FL300,47.0271405,7.242917666666667,9144.0,0
GRID_CENTRAL-EUROPE_Y04X12_FL300,47.0271405,7.8319583333333345,9144.0,0
GRID_CENTRAL-EUROPE_Y04X13_FL300,47.0271405,8.420999000000002,9144.0,0
GRID_CENTRAL-EUROPE_Y04X14_FL300,47.0271405,9.010039666666668,9144.0,0
GRID_CENTRAL-EUROPE_Y04X15_FL300,47.0271405,9.599080333333335,9144.0,0
GRID_CENTRAL-EUROPE_Y04X16_FL300,47.0271405,10.188121,9144.0,0
GRID_CENTRAL-EUROPE_Y04X17_FL300,47.0271405,10.777161666666668,9144.0,0
GRID_CENTRAL-EUROPE_Y04X18_FL300,47.0271405,11.366202333333336,9144.0,0
GRID_CENTRAL-EUROPE_Y04X19_FL300,47.0271405,11.955243000000001,9144.0,0
GRID_CENTRAL-EUROPE_Y04X20_FL300,47.0271405,12.544283666666669,9144.0,0
GRID_CENTRAL-EUROPE_Y04X21_FL300,47.0271405,13.133324333333334,9144.0,0
GRID_CENTRAL-EUROPE_Y04X22_FL300,47.0271405,13.722365000000002,9144.0,0
GRID_CENTRAL-EUROPE_Y04X23_FL300,47.0271405,14.31140566666667,9144.0,0
GRID_CENTRAL-EUROPE_Y04X24_FL300,47.0271405,14.900446333333335,9144.0,0
GRID_CENTRAL-EUROPE_Y04X25_FL300,47.0271405,15.489487000000002,9144.0,0
GRID_CENTRAL-EUROPE_Y04X26_FL300,47.0271405,16.07852766666667,9144.0,0
GRID_CENTRAL-EUROPE_Y04X27_FL300,47.0271405,16.667568333333335,9144.0,0
GRID_CENTRAL-EUROPE_Y04X28_FL300,47.0271405,17.256609,9144.0,0
GRID_CENTRAL-EUROPE_Y04X29_FL300,47.0271405,17.84564966666667,9144.0,0
GRID_CENTRAL-EUROPE_Y05X00_FL300,47.404356166666666,0.7634703333333334,9144.0,0
GRID_CENTRAL-EUROPE_Y05X01_FL300,47.404356166666666,1.3525110000000002,9144.0,0
GRID_CENTRAL-EUROPE_Y05X02_FL300,47.404356166666666,1.9415516666666668,9144.0,0
GRID_CENTRAL-EUROPE_Y05X03_FL300,47.404356166666666,2.5305923333333338,9144.0,0
GRID_CENTRAL-EUROPE_Y05X04_FL300,47.404356166666666,3.1196330000000003,9144.0,0
GRID_CENTRAL-EUROPE_Y05X05_FL300,47.404356166666666,3.7086736666666673,9144.0,0
GRID_CENTRAL-EUROPE_Y05X06_FL300,47.404356166666666,4.297714333333333,9144.0,0
GRID_CENTRAL-EUROPE_Y05X07_FL300,47.404356166666666,4.886755000000001,9144.0,0
GRID_CENTRAL-EUROPE_Y05X08_FL300,47.404356166666666,5.475795666666668,9144.0,0
GRID_CENTRAL-EUROPE_Y05X09_FL300,47.404356166666666,6.064836333333334,9144.0,0
GRID_CENTRAL-EUROPE_Y05X10_FL300,47.404356166666666,6.653877000000001,9144.0,0
GRID_CENTRAL-EUROPE_Y05X11_FL300,47.404356166666666,7.242917666666667,9144.0,0
GRID_CENTRAL-EUROPE_Y05X12_FL300,47.404356166666666,7.8319583333333345,9144.0,0
GRID_CENTRAL-EUROPE_Y05X13_FL300,47.404356166666666,8.420999000000002,9144.0,0
GRID_CENTRAL-EUROPE_Y05X14_FL300,47.404356166666666,9.010039666666668,9144.0,0
GRID_CENTRAL-EUROPE_Y05X15_FL300,47.404356166666666,9.599080333333335,9144.0,0
GRID_CENTRAL-EUROPE_Y05X16_FL300,47.404356166666666,10.188121,9144.0,0
GRID_CENTRAL-EUROPE_Y05X17_FL300,47.404356166666666,10.777161666666668,9144.0,0
GRID_CENTRAL-EUROPE_Y05X18_FL300,47.404356166666666,11.366202333333336,9144.0,0
GRID_CENTRAL-EUROPE_Y05X19_FL300,47.404356166666666,11.955243000000001,9144.0,0
GRID_CENTRAL-EUROPE_Y05X20_FL300,47.404356166666666,12.544283666666669,9144.0,0
GRID_CENTRAL-EUROPE_Y05X21_FL300,47.404356166666666,13.133324333333334,9144.0,0
GRID_CENTRAL-EUROPE_Y05X22_FL300,47.404356166666666,13.722365000000002,9144.0,0
GRID_CENTRAL-EUROPE_Y05X23_FL300,47.404356166666666,14.31140566666667,9144.0,0
GRID_CENTRAL-EUROPE_Y05X24_FL300,47.404356166666666,14.900446333333335,9144.0,0
GRID_CENTRAL-EUROPE_Y05X25_FL300,47.404356166666666,15.489487000000002,9144.0,0
GRID_CENTRAL-EUROPE_Y05X26_FL300,47.404356166666666,16.07852766666667,9144.0,0
GRID_CENTRAL-EUROPE_Y05X27_FL300,47.404356166666666,16.667568333333335,9144.0,0
GRID_CENTRAL-EUROPE_Y05X28_FL300,47.404356166666666,17.256609,9144.0,0
GRID_CENTRAL-EUROPE_Y05X29_FL300,47.404356166666666,17.84564966666667,9144.0,0
GRID_CENTRAL-EUROPE_Y06X00_FL300,47.78157183333333,0.7634703333333334,9144.0,0
GRID_CENTRAL-EUROPE_Y06X01_FL300,47.78157183333333,1.3525110000000002,9144.0,0
GRID_CENTRAL-EUROPE_Y06X02_FL300,47.78157183333333,1.9415516666666668,9144.0,0
GRID_CENTRAL-EUROPE_Y06X03_FL300,47.78157183333333,2.5305923333333338,9144.0,0
GRID_CENTRAL-EUROPE_Y06X04_FL300,47.78157183333333,3.1196330000000003,9144.0,0
GRID_CENTRAL-EUROPE_Y06X05_FL300,47.78157183333333,3.7086736666666673,9144.0,0
GRID_CENTRAL-EUROPE_Y06X06_FL300,47.78157183333333,4.297714333333333,9144.0,0
GRID_CENTRAL-EUROPE_Y06X07_FL300,47.78157183333333,4.886755000000001,9144.0,0
GRID_CENTRAL-EUROPE_Y06X08_FL300,47.78157183333333,5.475795666666668,9144.0,0
GRID_CENTRAL-EUROPE_Y06X09_FL300,47.78157183333333,6.064836333333334,9144.0,0
GRID_CENTRAL-EUROPE_Y06X10_FL300,47.78157183333333,6.653877000000001,9144.0,0
GRID_CENTRAL-EUROPE_Y06X11_FL300,47.78157183333333,7.242917666666667,9144.0,0
GRID_CENTRAL-EUROPE_Y06X12_FL300,47.78157183333333,7.8319583333333345,9144.0,0
GRID_CENTRAL-EUROPE_Y06X13_FL300,47.78157183333333,8.420999000000002,9144.0,0
GRID_CENTRAL-EUROPE_Y06X14_FL300,47.78157183333333,9.010039666666668,9144.0,0
GRID_CENTRAL-EUROPE_Y06X15_FL300,47.78157183333333,9.599080333333335,9144.0,0
GRID_CENTRAL-EUROPE_Y06X16_FL300,47.78157183333333,10.188121,9144.0,0
GRID_CENTRAL-EUROPE_Y06X17_FL300,47.78157183333333,10.777161666666668,9144.0,0
GRID_CENTRAL-EUROPE_Y06X18_FL300,47.78157183333333,11.366202333333336,9144.0,0
GRID_CENTRAL-EUROPE_Y06X19_FL300,47.78157183333333,11.955243000000001,9144.0,0
GRID_CENTRAL-EUROPE_Y06X20_FL300,47.78157183333333,12.544283666666669,9144.0,0
GRID_CENTRAL-EUROPE_Y06X21_FL300,47.78157183333333,13.133324333333334,9144.0,0
GRID_CENTRAL-EUROPE_Y06X22_FL300,47.78157183333333,13.722365000000002,9144.0,0
GRID_CENTRAL-EUROPE_Y06X23_FL300,47.78157183333333,14.31140566666667,9144.0,0
GRID_CENTRAL-EUROPE_Y06X24_FL300,47.78157183333333,14.900446333333335,9144.0,0
GRID_CENTRAL-EUROPE_Y06X25_FL300,47.78157183333333,15.489487000000002,9144.0,0
GRID_CENTRAL-EUROPE_Y06X26_FL300,47.78157183333333,16.07852766666667,9144.0,0
GRID_CENTRAL-EUROPE_Y06X27_FL300,47.78157183333333,16.667568333333335,9144.0,0
GRID_CENTRAL-EUROPE_Y06X28_FL300,47.78157183333333,17.256609,9144.0,0
GRID_CENTRAL-EUROPE_Y06X29_FL300,47.78157183333333,17.84564966666667,9144.0,0
GRID_CENTRAL-EUROPE_Y07X00_FL300,48.1587875,0.7634703333333334,9144.0,0
GRID_CENTRAL-EUROPE_Y07X01_FL300,48.1587875,1.3525110000000002,9144.0,0
GRID_CENTRAL-EUROPE_Y07X02_FL300,48.1587875,1.9415516666666668,9144.0,0
GRID_CENTRAL-EUROPE_Y07X03_FL300,48.1587875,2.5305923333333338,9144.0,0
GRID_CENTRAL-EUROPE_Y07X04_FL300,48.1587875,3.1196330000000003,9144.0,0
GRID_CENTRAL-EUROPE_Y07X05_FL300,48.1587875,3.7086736666666673,9144.0,0
GRID_CENTRAL-EUROPE_Y07X06_FL300,48.1587875,4.297714333333333,9144.0,0
GRID_CENTRAL-EUROPE_Y07X07_FL300,48.1587875,4.886755000000001,9144.0,0
GRID_CENTRAL-EUROPE_Y07X08_FL300,48.1587875,5.475795666666668,9144.0,0
GRID_CENTRAL-EUROPE_Y07X09_FL300,48.1587875,6.064836333333334,9144.0,0
GRID_CENTRAL-EUROPE_Y07X10_FL300,48.1587875,6.653877000000001,9144.0,0
GRID_CENTRAL-EUROPE_Y07X11_FL300,48.1587875,7.242917666666667,9144.0,0
GRID_CENTRAL-EUROPE_Y07X12_FL300,48.1587875,7.8319583333333345,9144.0,0
GRID_CENTRAL-EUROPE_Y07X13_FL300,48.1587875,8.420999000000002,9144.0,0
GRID_CENTRAL-EUROPE_Y07X14_FL300,48.1587875,9.010039666666668,9144.0,0
GRID_CENTRAL-EUROPE_Y07X15_FL300,48.1587875,9.599080333333335,9144.0,0
GRID_CENTRAL-EUROPE_Y07X16_FL300,48.1587875,10.188121,9144.0,0
GRID_CENTRAL-EUROPE_Y07X17_FL300,48.1587875,10.777161666666668,9144.0,0
GRID_CENTRAL-EUROPE_Y07X18_FL300,48.1587875,11.366202333333336,9144.0,0
GRID_CENTRAL-EUROPE_Y07X19_FL300,48.1587875,11.955243000000001,9144.0,0
GRID_CENTRAL-EUROPE_Y07X20_FL300,48.1587875,12.544283666666669,9144.0,0
GRID_CENTRAL-EUROPE_Y07X21_FL300,48.1587875,13.133324333333334,9144.0,0
GRID_CENTRAL-EUROPE_Y07X22_FL300,48.1587875,13.722365000000002,9144.0,0
GRID_CENTRAL-EUROPE_Y07X23_FL300,48.1587875,14.31140566666667,9144.0,0
GRID_CENTRAL-EUROPE_Y07X24_FL300,48.1587875,14.900446333333335,9144.0,0
GRID_CENTRAL-EUROPE_Y07X25_FL300,48.1587875,15.489487000000002,9144.0,0
GRID_CENTRAL-EUROPE_Y07X26_FL300,48.1587875,16.07852766666667,9144.0,0
GRID_CENTRAL-EUROPE_Y07X27_FL300,48.1587875,16.667568333333335,9144.0,0
GRID_CENTRAL-EUROPE_Y07X28_FL300,48.1587875,17.256609,9144.0,0
GRID_CENTRAL-EUROPE_Y07X29_FL300,48.1587875,17.84564966666667,9144.0,0
GRID_CENTRAL-EUROPE_Y08X00_FL300,48.53600316666667,0.7634703333333334,9144.0,0
GRID_CENTRAL-EUROPE_Y08X01_FL300,48.53600316666667,1.3525110000000002,9144.0,0
GRID_CENTRAL-EUROPE_Y08X02_FL300,48.53600316666667,1.9415516666666668,9144.0,0
GRID_CENTRAL-EUROPE_Y08X03_FL300,48.53600316666667,2.5305923333333338,9144.0,0
GRID_CENTRAL-EUROPE_Y08X04_FL300,48.53600316666667,3.1196330000000003,9144.0,0
GRID_CENTRAL-EUROPE_Y08X05_FL300,48.53600316666667,3.7086736666666673,9144.0,0
GRID_CENTRAL-EUROPE_Y08X06_FL300,48.53600316666667,4.297714333333333,9144.0,0
GRID_CENTRAL-EUROPE_Y08X07_FL300,48.53600316666667,4.886755000000001,9144.0,0
GRID_CENTRAL-EUROPE_Y08X08_FL300,48.53600316666667,5.475795666666668,9144.0,0
GRID_CENTRAL-EUROPE_Y08X09_FL300,48.53600316666667,6.064836333333334,9144.0,0
GRID_CENTRAL-EUROPE_Y08X10_FL300,48.53600316666667,6.653877000000001,9144.0,0
GRID_CENTRAL-EUROPE_Y08X11_FL300,48.53600316666667,7.242917666666667,9144.0,0
GRID_CENTRAL-EUROPE_Y08X12_FL300,48.53600316666667,7.8319583333333345,9144.0,0
GRID_CENTRAL-EUROPE_Y08X13_FL300,48.53600316666667,8.420999000000002,9144.0,0
GRID_CENTRAL-EUROPE_Y08X14_FL300,48.53600316666667,9.010039666666668,9144.0,0
GRID_CENTRAL-EUROPE_Y08X15_FL300,48.53600316666667,9.599080333333335,9144.0,0
GRID_CENTRAL-EUROPE_Y08X16_FL300,48.53600316666667,10.188121,9144.0,0
GRID_CENTRAL-EUROPE_Y08X17_FL300,48.53600316666667,10.777161666666668,9144.0,0
GRID_CENTRAL-EUROPE_Y08X18_FL300,48.53600316666667,11.366202333333336,9144.0,0
GRID_CENTRAL-EUROPE_Y08X19_FL300,48.53600316666667,11.955243000000001,9144.0,0
GRID_CENTRAL-EUROPE_Y08X20_FL300,48.53600316666667,12.544283666666669,9144.0,0
GRID_CENTRAL-EUROPE_Y08X21_FL300,48.53600316666667,13.133324333333334,9144.0,0
GRID_CENTRAL-EUROPE_Y08X22_FL300,48.53600316666667,13.722365000000002,9144.0,0
GRID_CENTRAL-EUROPE_Y08X23_FL300,48.53600316666667,14.31140566666667,9144.0,0
GRID_CENTRAL-EUROPE_Y08X24_FL300,48.53600316666667,14.900446333333335,9144.0,0
GRID_CENTRAL-EUROPE_Y08X25_FL300,48.53600316666667,15.489487000000002,9144.0,0
GRID_CENTRAL-EUROPE_Y08X26_FL300,48.53600316666667,16.07852766666667,9144.0,0
GRID_CENTRAL-EUROPE_Y08X27_FL300,48.53600316666667,16.667568333333335,9144.0,0
GRID_CENTRAL-EUROPE_Y08X28_FL300,48.53600316666667,17.256609,9144.0,0
GRID_CENTRAL-EUROPE_Y08X29_FL300,48.53600316666667,17.84564966666667,9144.0,0
GRID_CENTRAL-EUROPE_Y09X00_FL300,48.91321883333333,0.7634703333333334,9144.0,0
GRID_CENTRAL-EUROPE_Y09X01_FL300,48.91321883333333,1.3525110000000002,9144.0,0
GRID_CENTRAL-EUROPE_Y09X02_FL300,48.91321883333333,1.9415516666666668,9144.0,0
GRID_CENTRAL-EUROPE_Y09X03_FL300,48.91321883333333,2.5305923333333338,9144.0,0
GRID_CENTRAL-EUROPE_Y09X04_FL300,48.91321883333333,3.1196330000000003,9144.0,0
GRID_CENTRAL-EUROPE_Y09X05_FL300,48.91321883333333,3.7086736666666673,9144.0,0
GRID_CENTRAL-EUROPE_Y09X06_FL300,48.91321883333333,4.297714333333333,9144.0,0
GRID_CENTRAL-EUROPE_Y09X07_FL300,48.91321883333333,4.886755000000001,9144.0,0
GRID_CENTRAL-EUROPE_Y09X08_FL300,48.91321883333333,5.475795666666668,9144.0,0
GRID_CENTRAL-EUROPE_Y09X09_FL300,48.91321883333333,6.064836333333334,9144.0,0
GRID_CENTRAL-EUROPE_Y09X10_FL300,48.91321883333333,6.653877000000001,9144.0,0
GRID_CENTRAL-EUROPE_Y09X11_FL300,48.91321883333333,7.242917666666667,9144.0,0
GRID_CENTRAL-EUROPE_Y09X12_FL300,48.91321883333333,7.8319583333333345,9144.0,0
GRID_CENTRAL-EUROPE_Y09X13_FL300,48.91321883333333,8.420999000000002,9144.0,0
GRID_CENTRAL-EUROPE_Y09X14_FL300,48.91321883333333,9.010039666666668,9144.0,0
GRID_CENTRAL-EUROPE_Y09X15_FL300,48.91321883333333,9.599080333333335,9144.0,0
GRID_CENTRAL-EUROPE_Y09X16_FL300,48.91321883333333,10.188121,9144.0,0
GRID_CENTRAL-EUROPE_Y09X17_FL300,48.91321883333333,10.777161666666668,9144.0,0
GRID_CENTRAL-EUROPE_Y09X18_FL300,48.91321883333333,11.366202333333336,9144.0,0
GRID_CENTRAL-EUROPE_Y09X19_FL300,48.91321883333333,11.955243000000001,9144.0,0
GRID_CENTRAL-EUROPE_Y09X20_FL300,48.91321883333333,12.544283666666669,9144.0,0
GRID_CENTRAL-EUROPE_Y09X21_FL300,48.91321883333333,13.133324333333334,9144.0,0
GRID_CENTRAL-EUROPE_Y09X22_FL300,48.91321883333333,13.722365000000002,9144.0,0
GRID_CENTRAL-EUROPE_Y09X23_FL300,48.91321883333333,14.31140566666667,9144.0,0
GRID_CENTRAL-EUROPE_Y09X24_FL300,48.91321883333333,14.900446333333335,9144.0,0
GRID_CENTRAL-EUROPE_Y09X25_FL300,48.91321883333333,15.489487000000002,9144.0,0
GRID_CENTRAL-EUROPE_Y09X26_FL300,48.91321883333333,16.07852766666667,9144.0,0
GRID_CENTRAL-EUROPE_Y09X27_FL300,48.91321883333333,16.667568333333335,9144.0,0
GRID_CENTRAL-EUROPE_Y09X28_FL300,48.91321883333333,17.256609,9144.0,0
GRID_CENTRAL-EUROPE_Y09X29_FL300,48.91321883333333,17.84564966666667,9144.0,0
GRID_CENTRAL-EUROPE_Y10X00_FL300,49.2904345,0.7634703333333334,9144.0,0
GRID_CENTRAL-EUROPE_Y10X01_FL300,49.2904345,1.3525110000000002,9144.0,0
GRID_CENTRAL-EUROPE_Y10X02_FL300,49.2904345,1.9415516666666668,9144.0,0
GRID_CENTRAL-EUROPE_Y10X03_FL300,49.2904345,2.5305923333333338,9144.0,0
GRID_CENTRAL-EUROPE_Y10X04_FL300,49.2904345,3.1196330000000003,9144.0,0
GRID_CENTRAL-EUROPE_Y10X05_FL300,49.2904345,3.7086736666666673,9144.0,0
GRID_CENTRAL-EUROPE_Y10X06_FL300,49.2904345,4.297714333333333,9144.0,0
GRID_CENTRAL-EUROPE_Y10X07_FL300,49.2904345,4.886755000000001,9144.0,0
GRID_CENTRAL-EUROPE_Y10X08_FL300,49.2904345,5.475795666666668,9144.0,0
GRID_CENTRAL-EUROPE_Y10X09_FL300,49.2904345,6.064836333333334,9144.0,0
GRID_CENTRAL-EUROPE_Y10X10_FL300,49.2904345,6.653877000000001,9144.0,0
GRID_CENTRAL-EUROPE_Y10X11_FL300,49.2904345,7.242917666666667,9144.0,0
GRID_CENTRAL-EUROPE_Y10X12_FL300,49.2904345,7.8319583333333345,9144.0,0
GRID_CENTRAL-EUROPE_Y10X13_FL300,49.2904345,8.420999000000002,9144.0,0
GRID_CENTRAL-EUROPE_Y10X14_FL300,49.2904345,9.010039666666668,9144.0,0
GRID_CENTRAL-EUROPE_Y10X15_FL300,49.2904345,9.599080333333335,9144.0,0
GRID_CENTRAL-EUROPE_Y10X16_FL300,49.2904345,10.188121,9144.0,0
GRID_CENTRAL-EUROPE_Y10X17_FL300,49.2904345,10.777161666666668,9144.0,0
GRID_CENTRAL-EUROPE_Y10X18_FL300,49.2904345,11.366202333333336,9144.0,0
GRID_CENTRAL-EUROPE_Y10X19_FL300,49.2904345,11.955243000000001,9144.0,0
GRID_CENTRAL-EUROPE_Y10X20_FL300,49.2904345,12.544283666666669,9144.0,0
GRID_CENTRAL-EUROPE_Y10X21_FL300,49.2904345,13.133324333333334,9144.0,0
GRID_CENTRAL-EUROPE_Y10X22_FL300,49.2904345,13.722365000000002,9144.0,0
GRID_CENTRAL-EUROPE_Y10X23_FL300,49.2904345,14.31140566666667,9144.0,0
GRID_CENTRAL-EUROPE_Y10X24_FL300,49.2904345,14.900446333333335,9144.0,0
GRID_CENTRAL-EUROPE_Y10X25_FL300,49.2904345,15.489487000000002,9144.0,0
GRID_CENTRAL-EUROPE_Y10X26_FL300,49.2904345,16.07852766666667,9144.0,0
GRID_CENTRAL-EUROPE_Y10X27_FL300,49.2904345,16.667568333333335,9144.0,0
GRID_CENTRAL-EUROPE_Y10X28_FL300,49.2904345,17.256609,9144.0,0
GRID_CENTRAL-EUROPE_Y10X29_FL300,49.2904345,17.84564966666667,9144.0,0
GRID_CENTRAL-EUROPE_Y11X00_FL300,49.66765016666667,0.7634703333333334,9144.0,0
GRID_CENTRAL-EUROPE_Y11X01_FL300,49.66765016666667,1.3525110000000002,9144.0,0
GRID_CENTRAL-EUROPE_Y11X02_FL300,49.66765016666667,1.9415516666666668,9144.0,0
GRID_CENTRAL-EUROPE_Y11X03_FL300,49.66765016666667,2.5305923333333338,9144.0,0
GRID_CENTRAL-EUROPE_Y11X04_FL300,49.66765016666667,3.1196330000000003,9144.0,0
GRID_CENTRAL-EUROPE_Y11X05_FL300,49.66765016666667,3.7086736666666673,9144.0,0
GRID_CENTRAL-EUROPE_Y11X06_FL300,49.66765016666667,4.297714333333333,9144.0,0
GRID_CENTRAL-EUROPE_Y11X07_FL300,49.66765016666667,4.886755000000001,9144.0,0
GRID_CENTRAL-EUROPE_Y11X08_FL300,49.66765016666667,5.475795666666668,9144.0,0
GRID_CENTRAL-EUROPE_Y11X09_FL300,49.66765016666667,6.064836333333334,9144.0,0
GRID_CENTRAL-EUROPE_Y11X10_FL300,49.66765016666667,6.653877000000001,9144.0,0
GRID_CENTRAL-EUROPE_Y11X11_FL300,49.66765016666667,7.242917666666667,9144.0,0
GRID_CENTRAL-EUROPE_Y11X12_FL300,49.66765016666667,7.8319583333333345,9144.0,0
GRID_CENTRAL-EUROPE_Y11X13_FL300,49.66765016666667,8.420999000000002,9144.0,0
GRID_CENTRAL-EUROPE_Y11X14_FL300,49.66765016666667,9.010039666666668,9144.0,0
GRID_CENTRAL-EUROPE_Y11X15_FL300,49.66765016666667,9.599080333333335,9144.0,0
GRID_CENTRAL-EUROPE_Y11X16_FL300,49.66765016666667,10.188121,9144.0,0
GRID_CENTRAL-EUROPE_Y11X17_FL300,49.66765016666667,10.777161666666668,9144.0,0
GRID_CENTRAL-EUROPE_Y11X18_FL300,49.66765016666667,11.366202333333336,9144.0,0
GRID_CENTRAL-EUROPE_Y11X19_FL300,49.66765016666667,11.955243000000001,9144.0,0
GRID_CENTRAL-EUROPE_Y11X20_FL300,49.66765016666667,12.544283666666669,9144.0,0
GRID_CENTRAL-EUROPE_Y11X21_FL300,49.66765016666667,13.133324333333334,9144.0,0
GRID_CENTRAL-EUROPE_Y11X22_FL300,49.66765016666667,13.722365000000002,9144.0,0
GRID_CENTRAL-EUROPE_Y11X23_FL300,49.66765016666667,14.31140566666667,9144.0,0
GRID_CENTRAL-EUROPE_Y11X24_FL300,49.66765016666667,14.900446333333335,9144.0,0
GRID_CENTRAL-EUROPE_Y11X25_FL300,49.66765016666667,15.489487000000002,9144.0,0
GRID_CENTRAL-EUROPE_Y11X26_FL300,49.66765016666667,16.07852766666667,9144.0,0
GRID_CENTRAL-EUROPE_Y11X27_FL300,49.66765016666667,16.667568333333335,9144.0,0
GRID_CENTRAL-EUROPE_Y11X28_FL300,49.66765016666667,17.256609,9144.0,0
GRID_CENTRAL-EUROPE_Y11X29_FL300,49.66765016666667,17.84564966666667,9144.0,0
GRID_CENTRAL-EUROPE_Y12X00_FL300,50.04486583333333,0.7634703333333334,9144.0,0
GRID_CENTRAL-EUROPE_Y12X01_FL300,50.04486583333333,1.3525110000000002,9144.0,0
GRID_CENTRAL-EUROPE_Y12X02_FL300,50.04486583333333,1.9415516666666668,9144.0,0
GRID_CENTRAL-EUROPE_Y12X03_FL300,50.04486583333333,2.5305923333333338,9144.0,0
GRID_CENTRAL-EUROPE_Y12X04_FL300,50.04486583333333,3.1196330000000003,9144.0,0
GRID_CENTRAL-EUROPE_Y12X05_FL300,50.04486583333333,3.7086736666666673,9144.0,0
GRID_CENTRAL-EUROPE_Y12X06_FL300,50.04486583333333,4.297714333333333,9144.0,0
GRID_CENTRAL-EUROPE_Y12X07_FL300,50.04486583333333,4.886755000000001,9144.0,0
GRID_CENTRAL-EUROPE_Y12X08_FL300,50.04486583333333,5.475795666666668,9144.0,0
GRID_CENTRAL-EUROPE_Y12X09_FL300,50.04486583333333,6.064836333333334,9144.0,0
GRID_CENTRAL-EUROPE_Y12X10_FL300,50.04486583333333,6.653877000000001,9144.0,0
GRID_CENTRAL-EUROPE_Y12X11_FL300,50.04486583333333,7.242917666666667,9144.0,0
GRID_CENTRAL-EUROPE_Y12X12_FL300,50.04486583333333,7.8319583333333345,9144.0,0
GRID_CENTRAL-EUROPE_Y12X13_FL300,50.04486583333333,8.420999000000002,9144.0,0
GRID_CENTRAL-EUROPE_Y12X14_FL300,50.04486583333333,9.010039666666668,9144.0,0
GRID_CENTRAL-EUROPE_Y12X15_FL300,50.04486583333333,9.599080333333335,9144.0,0
GRID_CENTRAL-EUROPE_Y12X16_FL300,50.04486583333333,10.188121,9144.0,0
GRID_CENTRAL-EUROPE_Y12X17_FL300,50.04486583333333,10.777161666666668,9144.0,0
GRID_CENTRAL-EUROPE_Y12X18_FL300,50.04486583333333,11.366202333333336,9144.0,0
GRID_CENTRAL-EUROPE_Y12X19_FL300,50.04486583333333,11.955243000000001,9144.0,0
GRID_CENTRAL-EUROPE_Y12X20_FL300,50.04486583333333,12.544283666666669,9144.0,0
GRID_CENTRAL-EUROPE_Y12X21_FL300,50.04486583333333,13.133324333333334,9144.0,0
GRID_CENTRAL-EUROPE_Y12X22_FL300,50.04486583333333,13.722365000000002,9144.0,0
GRID_CENTRAL-EUROPE_Y12X23_FL300,50.04486583333333,14.31140566666667,9144.0,0
GRID_CENTRAL-EUROPE_Y12X24_FL300,50.04486583333333,14.900446333333335,9144.0,0
GRID_CENTRAL-EUROPE_Y12X25_FL300,50.04486583333333,15.489487000000002,9144.0,0
GRID_CENTRAL-EUROPE_Y12X26_FL300,50.04486583333333,16.07852766666667,9144.0,0
GRID_CENTRAL-EUROPE_Y12X27_FL300,50.04486583333333,16.667568333333335,9144.0,0
GRID_CENTRAL-EUROPE_Y12X28_FL300,50.04486583333333,17.256609,9144.0,0
GRID_CENTRAL-EUROPE_Y12X29_FL300,50.04486583333333,17.84564966666667,9144.0,0
GRID_CENTRAL-EUROPE_Y13X00_FL300,50.422081500000004,0.7634703333333334,9144.0,0
GRID_CENTRAL-EUROPE_Y13X01_FL300,50.422081500000004,1.3525110000000002,9144.0,0
GRID_CENTRAL-EUROPE_Y13X02_FL300,50.422081500000004,1.9415516666666668,9144.0,0
GRID_CENTRAL-EUROPE_Y13X03_FL300,50.422081500000004,2.5305923333333338,9144.0,0
GRID_CENTRAL-EUROPE_Y13X04_FL300,50.422081500000004,3.1196330000000003,9144.0,0
GRID_CENTRAL-EUROPE_Y13X05_FL300,50.422081500000004,3.7086736666666673,9144.0,0
GRID_CENTRAL-EUROPE_Y13X06_FL300,50.422081500000004,4.297714333333333,9144.0,0
GRID_CENTRAL-EUROPE_Y13X07_FL300,50.422081500000004,4.886755000000001,9144.0,0
GRID_CENTRAL-EUROPE_Y13X08_FL300,50.422081500000004,5.475795666666668,9144.0,0
GRID_CENTRAL-EUROPE_Y13X09_FL300,50.422081500000004,6.064836333333334,9144.0,0
GRID_CENTRAL-EUROPE_Y13X10_FL300,50.422081500000004,6.653877000000001,9144.0,0
GRID_CENTRAL-EUROPE_Y13X11_FL300,50.422081500000004,7.242917666666667,9144.0,0
GRID_CENTRAL-EUROPE_Y13X12_FL300,50.422081500000004,7.8319583333333345,9144.0,0
GRID_CENTRAL-EUROPE_Y13X13_FL300,50.422081500000004,8.420999000000002,9144.0,0
GRID_CENTRAL-EUROPE_Y13X14_FL300,50.422081500000004,9.010039666666668,9144.0,0
GRID_CENTRAL-EUROPE_Y13X15_FL300,50.422081500000004,9.599080333333335,9144.0,0
GRID_CENTRAL-EUROPE_Y13X16_FL300,50.422081500000004,10.188121,9144.0,0
GRID_CENTRAL-EUROPE_Y13X17_FL300,50.422081500000004,10.777161666666668,9144.0,0
GRID_CENTRAL-EUROPE_Y13X18_FL300,50.422081500000004,11.366202333333336,9144.0,0
GRID_CENTRAL-EUROPE_Y13X19_FL300,50.422081500000004,11.955243000000001,9144.0,0
GRID_CENTRAL-EUROPE_Y13X20_FL300,50.422081500000004,12.544283666666669,9144.0,0
GRID_CENTRAL-EUROPE_Y13X21_FL300,50.422081500000004,13.133324333333334,9144.0,0
GRID_CENTRAL-EUROPE_Y13X22_FL300,50.422081500000004,13.722365000000002,9144.0,0
GRID_CENTRAL-EUROPE_Y13X23_FL300,50.422081500000004,14.31140566666667,9144.0,0
GRID_CENTRAL-EUROPE_Y13X24_FL300,50.422081500000004,14.900446333333335,9144.0,0
GRID_CENTRAL-EUROPE_Y13X25_FL300,50.422081500000004,15.489487000000002,9144.0,0
GRID_CENTRAL-EUROPE_Y13X26_FL300,50.422081500000004,16.07852766666667,9144.0,0
GRID_CENTRAL-EUROPE_Y13X27_FL300,50.422081500000004,16.667568333333335,9144.0,0
GRID_CENTRAL-EUROPE_Y13X28_FL300,50.422081500000004,17.256609,9144.0,0
GRID_CENTRAL-EUROPE_Y13X29_FL300,50.422081500000004,17.84564966666667,9144.0,0
GRID_CENTRAL-EUROPE_Y14X00_FL300,50.79929716666667,0.7634703333333334,9144.0,0
GRID_CENTRAL-EUROPE_Y14X01_FL300,50.79929716666667,1.3525110000000002,9144.0,0
GRID_CENTRAL-EUROPE_Y14X02_FL300,50.79929716666667,1.9415516666666668,9144.0,0
GRID_CENTRAL-EUROPE_Y14X03_FL300,50.79929716666667,2.5305923333333338,9144.0,0
GRID_CENTRAL-EUROPE_Y14X04_FL300,50.79929716666667,3.1196330000000003,9144.0,0
GRID_CENTRAL-EUROPE_Y14X05_FL300,50.79929716666667,3.7086736666666673,9144.0,0
GRID_CENTRAL-EUROPE_Y14X06_FL300,50.79929716666667,4.297714333333333,9144.0,0
GRID_CENTRAL-EUROPE_Y14X07_FL300,50.79929716666667,4.886755000000001,9144.0,0
GRID_CENTRAL-EUROPE_Y14X08_FL300,50.79929716666667,5.475795666666668,9144.0,0
GRID_CENTRAL-EUROPE_Y14X09_FL300,50.79929716666667,6.064836333333334,9144.0,0
GRID_CENTRAL-EUROPE_Y14X10_FL300,50.79929716666667,6.653877000000001,9144.0,0
GRID_CENTRAL-EUROPE_Y14X11_FL300,50.79929716666667,7.242917666666667,9144.0,0
GRID_CENTRAL-EUROPE_Y14X12_FL300,50.79929716666667,7.8319583333333345,9144.0,0
GRID_CENTRAL-EUROPE_Y14X13_FL300,50.79929716666667,8.420999000000002,9144.0,0
GRID_CENTRAL-EUROPE_Y14X14_FL300,50.79929716666667,9.010039666666668,9144.0,0
GRID_CENTRAL-EUROPE_Y14X15_FL300,50.79929716666667,9.599080333333335,9144.0,0
GRID_CENTRAL-EUROPE_Y14X16_FL300,50.79929716666667,10.188121,9144.0,0
GRID_CENTRAL-EUROPE_Y14X17_FL300,50.79929716666667,10.777161666666668,9144.0,0
GRID_CENTRAL-EUROPE_Y14X18_FL300,50.79929716666667,11.366202333333336,9144.0,0
GRID_CENTRAL-EUROPE_Y14X19_FL300,50.79929716666667,11.955243000000001,9144.0,0
GRID_CENTRAL-EUROPE_Y14X20_FL300,50.79929716666667,12.544283666666669,9144.0,0
GRID_CENTRAL-EUROPE_Y14X21_FL300,50.79929716666667,13.133324333333334,9144.0,0
GRID_CENTRAL-EUROPE_Y14X22_FL300,50.79929716666667,13.722365000000002,9144.0,0
GRID_CENTRAL-EUROPE_Y14X23_FL300,50.79929716666667,14.31140566666667,9144.0,0
GRID_CENTRAL-EUROPE_Y14X24_FL300,50.79929716666667,14.900446333333335,9144.0,0
GRID_CENTRAL-EUROPE_Y14X25_FL300,50.79929716666667,15.489487000000002,9144.0,0
GRID_CENTRAL-EUROPE_Y14X26_FL300,50.79929716666667,16.07852766666667,9144.0,0
GRID_CENTRAL-EUROPE_Y14X27_FL300,50.79929716666667,16.667568333333335,9144.0,0
GRID_CENTRAL-EUROPE_Y14X28_FL300,50.79929716666667,17.256609,9144.0,0
GRID_CENTRAL-EUROPE_Y14X29_FL300,50.79929716666667,17.84564966666667,9144.0,0
GRID_CENTRAL-EUROPE_Y15X00_FL300,51.176512833333334,0.7634703333333334,9144.0,0
GRID_CENTRAL-EUROPE_Y15X01_FL300,51.176512833333334,1.3525110000000002,9144.0,0
GRID_CENTRAL-EUROPE_Y15X02_FL300,51.176512833333334,1.9415516666666668,9144.0,0
GRID_CENTRAL-EUROPE_Y15X03_FL300,51.176512833333334,2.5305923333333338,9144.0,0
GRID_CENTRAL-EUROPE_Y15X04_FL300,51.176512833333334,3.1196330000000003,9144.0,0
GRID_CENTRAL-EUROPE_Y15X05_FL300,51.176512833333334,3.7086736666666673,9144.0,0
GRID_CENTRAL-EUROPE_Y15X06_FL300,51.176512833333334,4.297714333333333,9144.0,0
GRID_CENTRAL-EUROPE_Y15X07_FL300,51.176512833333334,4.886755000000001,9144.0,0
GRID_CENTRAL-EUROPE_Y15X08_FL300,51.176512833333334,5.475795666666668,9144.0,0
GRID_CENTRAL-EUROPE_Y15X09_FL300,51.176512833333334,6.064836333333334,9144.0,0
GRID_CENTRAL-EUROPE_Y15X10_FL300,51.176512833333334,6.653877000000001,9144.0,0
GRID_CENTRAL-EUROPE_Y15X11_FL300,51.176512833333334,7.242917666666667,9144.0,0
GRID_CENTRAL-EUROPE_Y15X12_FL300,51.176512833333334,7.8319583333333345,9144.0,0
GRID_CENTRAL-EUROPE_Y15X13_FL300,51.176512833333334,8.420999000000002,9144.0,0
GRID_CENTRAL-EUROPE_Y15X14_FL300,51.176512833333334,9.010039666666668,9144.0,0
GRID_CENTRAL-EUROPE_Y15X15_FL300,51.176512833333334,9.599080333333335,9144.0,0
GRID_CENTRAL-EUROPE_Y15X16_FL300,51.176512833333334,10.188121,9144.0,0
GRID_CENTRAL-EUROPE_Y15X17_FL300,51.176512833333334,10.777161666666668,9144.0,0
GRID_CENTRAL-EUROPE_Y15X18_FL300,51.176512833333334,11.366202333333336,9144.0,0
GRID_CENTRAL-EUROPE_Y15X19_FL300,51.176512833333334,11.955243000000001,9144.0,0
GRID_CENTRAL-EUROPE_Y15X20_FL300,51.176512833333334,12.544283666666669,9144.0,0
GRID_CENTRAL-EUROPE_Y15X21_FL300,51.176512833333334,13.133324333333334,9144.0,0
GRID_CENTRAL-EUROPE_Y15X22_FL300,51.176512833333334,13.722365000000002,9144.0,0
GRID_CENTRAL-EUROPE_Y15X23_FL300,51.176512833333334,14.31140566666667,9144.0,0
GRID_CENTRAL-EUROPE_Y15X24_FL300,51.176512833333334,14.900446333333335,9144.0,0
GRID_CENTRAL-EUROPE_Y15X25_FL300,51.176512833333334,15.489487000000002,9144.0,0
GRID_CENTRAL-EUROPE_Y15X26_FL300,51.176512833333334,16.07852766666667,9144.0,0
GRID_CENTRAL-EUROPE_Y15X27_FL300,51.176512833333334,16.667568333333335,9144.0,0
GRID_CENTRAL-EUROPE_Y15X28_FL300,51.176512833333334,17.256609,9144.0,0
GRID_CENTRAL-EUROPE_Y15X29_FL300,51.176512833333334,17.84564966666667,9144.0,0
GRID_CENTRAL-EUROPE_Y16X00_FL300,51.5537285,0.7634703333333334,9144.0,0
GRID_CENTRAL-EUROPE_Y16X01_FL300,51.5537285,1.3525110000000002,9144.0,0
GRID_CENTRAL-EUROPE_Y16X02_FL300,51.5537285,1.9415516666666668,9144.0,0
GRID_CENTRAL-EUROPE_Y16X03_FL300,51.5537285,2.5305923333333338,9144.0,0
GRID_CENTRAL-EUROPE_Y16X04_FL300,51.5537285,3.1196330000000003,9144.0,0
GRID_CENTRAL-EUROPE_Y16X05_FL300,51.5537285,3.7086736666666673,9144.0,0
GRID_CENTRAL-EUROPE_Y16X06_FL300,51.5537285,4.297714333333333,9144.0,0
GRID_CENTRAL-EUROPE_Y16X07_FL300,51.5537285,4.886755000000001,9144.0,0
GRID_CENTRAL-EUROPE_Y16X08_FL300,51.5537285,5.475795666666668,9144.0,0
GRID_CENTRAL-EUROPE_Y16X09_FL300,51.5537285,6.064836333333334,9144.0,0
GRID_CENTRAL-EUROPE_Y16X10_FL300,51.5537285,6.653877000000001,9144.0,0
GRID_CENTRAL-EUROPE_Y16X11_FL300,51.5537285,7.242917666666667,9144.0,0
GRID_CENTRAL-EUROPE_Y16X12_FL300,51.5537285,7.8319583333333345,9144.0,0
GRID_CENTRAL-EUROPE_Y16X13_FL300,51.5537285,8.420999000000002,9144.0,0
GRID_CENTRAL-EUROPE_Y16X14_FL300,51.5537285,9.010039666666668,9144.0,0
GRID_CENTRAL-EUROPE_Y16X15_FL300,51.5537285,9.599080333333335,9144.0,0
GRID_CENTRAL-EUROPE_Y16X16_FL300,51.5537285,10.188121,9144.0,0
GRID_CENTRAL-EUROPE_Y16X17_FL300,51.5537285,10.777161666666668,9144.0,0
GRID_CENTRAL-EUROPE_Y16X18_FL300,51.5537285,11.366202333333336,9144.0,0
GRID_CENTRAL-EUROPE_Y16X19_FL300,51.5537285,11.955243000000001,9144.0,0
GRID_CENTRAL-EUROPE_Y16X20_FL300,51.5537285,12.544283666666669,9144.0,0
GRID_CENTRAL-EUROPE_Y16X21_FL300,51.5537285,13.133324333333334,9144.0,0
GRID_CENTRAL-EUROPE_Y16X22_FL300,51.5537285,13.722365000000002,9144.0,0
GRID_CENTRAL-EUROPE_Y16X23_FL300,51.5537285,14.31140566666667,9144.0,0
GRID_CENTRAL-EUROPE_Y16X24_FL300,51.5537285,14.900446333333335,9144.0,0
GRID_CENTRAL-EUROPE_Y16X25_FL300,51.5537285,15.489487000000002,9144.0,0
GRID_CENTRAL-EUROPE_Y16X26_FL300,51.5537285,16.07852766666667,9144.0,0
GRID_CENTRAL-EUROPE_Y16X27_FL300,51.5537285,16.667568333333335,9144.0,0
GRID_CENTRAL-EUROPE_Y16X28_FL300,51.5537285,17.256609,9144.0,0
GRID_CENTRAL-EUROPE_Y16X29_FL300,51.5537285,17.84564966666667,9144.0,0
GRID_CENTRAL-EUROPE_Y17X00_FL300,51.93094416666667,0.7634703333333334,9144.0,0
GRID_CENTRAL-EUROPE_Y17X01_FL300,51.93094416666667,1.3525110000000002,9144.0,0
GRID_CENTRAL-EUROPE_Y17X02_FL300,51.93094416666667,1.9415516666666668,9144.0,0
GRID_CENTRAL-EUROPE_Y17X03_FL300,51.93094416666667,2.5305923333333338,9144.0,0
GRID_CENTRAL-EUROPE_Y17X04_FL300,51.93094416666667,3.1196330000000003,9144.0,0
GRID_CENTRAL-EUROPE_Y17X05_FL300,51.93094416666667,3.7086736666666673,9144.0,0
GRID_CENTRAL-EUROPE_Y17X06_FL300,51.93094416666667,4.297714333333333,9144.0,0
GRID_CENTRAL-EUROPE_Y17X07_FL300,51.93094416666667,4.886755000000001,9144.0,0
GRID_CENTRAL-EUROPE_Y17X08_FL300,51.93094416666667,5.475795666666668,9144.0,0
GRID_CENTRAL-EUROPE_Y17X09_FL300,51.93094416666667,6.064836333333334,9144.0,0
GRID_CENTRAL-EUROPE_Y17X10_FL300,51.93094416666667,6.653877000000001,9144.0,0
GRID_CENTRAL-EUROPE_Y17X11_FL300,51.93094416666667,7.242917666666667,9144.0,0
GRID_CENTRAL-EUROPE_Y17X12_FL300,51.93094416666667,7.8319583333333345,9144.0,0
GRID_CENTRAL-EUROPE_Y17X13_FL300,51.93094416666667,8.420999000000002,9144.0,0
GRID_CENTRAL-EUROPE_Y17X14_FL300,51.93094416666667,9.010039666666668,9144.0,0
GRID_CENTRAL-EUROPE_Y17X15_FL300,51.93094416666667,9.599080333333335,9144.0,0
GRID_CENTRAL-EUROPE_Y17X16_FL300,51.93094416666667,10.188121,9144.0,0
GRID_CENTRAL-EUROPE_Y17X17_FL300,51.93094416666667,10.777161666666668,9144.0,0
GRID_CENTRAL-EUROPE_Y17X18_FL300,51.93094416666667,11.366202333333336,9144.0,0
GRID_CENTRAL-EUROPE_Y17X19_FL300,51.93094416666667,11.955243000000001,9144.0,0
GRID_CENTRAL-EUROPE_Y17X20_FL300,51.93094416666667,12.544283666666669,9144.0,0
GRID_CENTRAL-EUROPE_Y17X21_FL300,51.93094416666667,13.133324333333334,9144.0,0
GRID_CENTRAL-EUROPE_Y17X22_FL300,51.93094416666667,13.722365000000002,9144.0,0
GRID_CENTRAL-EUROPE_Y17X23_FL300,51.93094416666667,14.31140566666667,9144.0,0
GRID_CENTRAL-EUROPE_Y17X24_FL300,51.93094416666667,14.900446333333335,9144.0,0
GRID_CENTRAL-EUROPE_Y17X25_FL300,51.93094416666667,15.489487000000002,9144.0,0
GRID_CENTRAL-EUROPE_Y17X26_FL300,51.93094416666667,16.07852766666667,9144.0,0
GRID_CENTRAL-EUROPE_Y17X27_FL300,51.93094416666667,16.667568333333335,9144.0,0
GRID_CENTRAL-EUROPE_Y17X28_FL300,51.93094416666667,17.256609,9144.0,0
GRID_CENTRAL-EUROPE_Y17X29_FL300,51.93094416666667,17.84564966666667,9144.0,0
GRID_CENTRAL-EUROPE_Y18X00_FL300,52.308159833333335,0.7634703333333334,9144.0,0
GRID_CENTRAL-EUROPE_Y18X01_FL300,52.308159833333335,1.3525110000000002,9144.0,0
GRID_CENTRAL-EUROPE_Y18X02_FL300,52.308159833333335,1.9415516666666668,9144.0,0
GRID_CENTRAL-EUROPE_Y18X03_FL300,52.308159833333335,2.5305923333333338,9144.0,0
GRID_CENTRAL-EUROPE_Y18X04_FL300,52.308159833333335,3.1196330000000003,9144.0,0
GRID_CENTRAL-EUROPE_Y18X05_FL300,52.308159833333335,3.7086736666666673,9144.0,0
GRID_CENTRAL-EUROPE_Y18X06_FL300,52.308159833333335,4.297714333333333,9144.0,0
GRID_CENTRAL-EUROPE_Y18X07_FL300,52.308159833333335,4.886755000000001,9144.0,0
GRID_CENTRAL-EUROPE_Y18X08_FL300,52.308159833333335,5.475795666666668,9144.0,0
GRID_CENTRAL-EUROPE_Y18X09_FL300,52.308159833333335,6.064836333333334,9144.0,0
GRID_CENTRAL-EUROPE_Y18X10_FL300,52.308159833333335,6.653877000000001,9144.0,0
GRID_CENTRAL-EUROPE_Y18X11_FL300,52.308159833333335,7.242917666666667,9144.0,0
GRID_CENTRAL-EUROPE_Y18X12_FL300,52.308159833333335,7.8319583333333345,9144.0,0
GRID_CENTRAL-EUROPE_Y18X13_FL300,52.308159833333335,8.420999000000002,9144.0,0
GRID_CENTRAL-EUROPE_Y18X14_FL300,52.308159833333335,9.010039666666668,9144.0,0
GRID_CENTRAL-EUROPE_Y18X15_FL300,52.308159833333335,9.599080333333335,9144.0,0
GRID_CENTRAL-EUROPE_Y18X16_FL300,52.308159833333335,10.188121,9144.0,0
GRID_CENTRAL-EUROPE_Y18X17_FL300,52.308159833333335,10.777161666666668,9144.0,0
GRID_CENTRAL-EUROPE_Y18X18_FL300,52.308159833333335,11.366202333333336,9144.0,0
GRID_CENTRAL-EUROPE_Y18X19_FL300,52.308159833333335,11.955243000000001,9144.0,0
GRID_CENTRAL-EUROPE_Y18X20_FL300,52.308159833333335,12.544283666666669,9144.0,0
GRID_CENTRAL-EUROPE_Y18X21_FL300,52.308159833333335,13.133324333333334,9144.0,0
GRID_CENTRAL-EUROPE_Y18X22_FL300,52.308159833333335,13.722365000000002,9144.0,0
GRID_CENTRAL-EUROPE_Y18X23_FL300,52.308159833333335,14.31140566666667,9144.0,0
GRID_CENTRAL-EUROPE_Y18X24_FL300,52.308159833333335,14.900446333333335,9144.0,0
GRID_CENTRAL-EUROPE_Y18X25_FL300,52.308159833333335,15.489487000000002,9144.0,0
GRID_CENTRAL-EUROPE_Y18X26_FL300,52.308159833333335,16.07852766666667,9144.0,0
GRID_CENTRAL-EUROPE_Y18X27_FL300,52.308159833333335,16.667568333333335,9144.0,0
GRID_CENTRAL-EUROPE_Y18X28_FL300,52.308159833333335,17.256609,9144.0,0
GRID_CENTRAL-EUROPE_Y18X29_FL300,52.308159833333335,17.84564966666667,9144.0,0
GRID_CENTRAL-EUROPE_Y19X00_FL300,52.6853755,0.7634703333333334,9144.0,0
GRID_CENTRAL-EUROPE_Y19X01_FL300,52.6853755,1.3525110000000002,9144.0,0
GRID_CENTRAL-EUROPE_Y19X02_FL300,52.6853755,1.9415516666666668,9144.0,0
GRID_CENTRAL-EUROPE_Y19X03_FL300,52.6853755,2.5305923333333338,9144.0,0
GRID_CENTRAL-EUROPE_Y19X04_FL300,52.6853755,3.1196330000000003,9144.0,0
GRID_CENTRAL-EUROPE_Y19X05_FL300,52.6853755,3.7086736666666673,9144.0,0
GRID_CENTRAL-EUROPE_Y19X06_FL300,52.6853755,4.297714333333333,9144.0,0
GRID_CENTRAL-EUROPE_Y19X07_FL300,52.6853755,4.886755000000001,9144.0,0
GRID_CENTRAL-EUROPE_Y19X08_FL300,52.6853755,5.475795666666668,9144.0,0
GRID_CENTRAL-EUROPE_Y19X09_FL300,52.6853755,6.064836333333334,9144.0,0
GRID_CENTRAL-EUROPE_Y19X10_FL300,52.6853755,6.653877000000001,9144.0,0
GRID_CENTRAL-EUROPE_Y19X11_FL300,52.6853755,7.242917666666667,9144.0,0
GRID_CENTRAL-EUROPE_Y19X12_FL300,52.6853755,7.8319583333333345,9144.0,0
GRID_CENTRAL-EUROPE_Y19X13_FL300,52.6853755,8.420999000000002,9144.0,0
GRID_CENTRAL-EUROPE_Y19X14_FL300,52.6853755,9.010039666666668,9144.0,0
GRID_CENTRAL-EUROPE_Y19X15_FL300,52.6853755,9.599080333333335,9144.0,0
GRID_CENTRAL-EUROPE_Y19X16_FL300,52.6853755,10.188121,9144.0,0
GRID_CENTRAL-EUROPE_Y19X17_FL300,52.6853755,10.777161666666668,9144.0,0
GRID_CENTRAL-EUROPE_Y19X18_FL300,52.6853755,11.366202333333336,9144.0,0
GRID_CENTRAL-EUROPE_Y19X19_FL300,52.6853755,11.955243000000001,9144.0,0
GRID_CENTRAL-EUROPE_Y19X20_FL300,52.6853755,12.544283666666669,9144.0,0
GRID_CENTRAL-EUROPE_Y19X21_FL300,52.6853755,13.133324333333334,9144.0,0
GRID_CENTRAL-EUROPE_Y19X22_FL300,52.6853755,13.722365000000002,9144.0,0
GRID_CENTRAL-EUROPE_Y19X23_FL300,52.6853755,14.31140566666667,9144.0,0
GRID_CENTRAL-EUROPE_Y19X24_FL300,52.6853755,14.900446333333335,9144.0,0
GRID_CENTRAL-EUROPE_Y19X25_FL300,52.6853755,15.489487000000002,9144.0,0
GRID_CENTRAL-EUROPE_Y19X26_FL300,52.6853755,16.07852766666667,9144.0,0
GRID_CENTRAL-EUROPE_Y19X27_FL300,52.6853755,16.667568333333335,9144.0,0
GRID_CENTRAL-EUROPE_Y19X28_FL300,52.6853755,17.256609,9144.0,0
GRID_CENTRAL-EUROPE_Y19X29_FL300,52.6853755,17.84564966666667,9144.0,0
GRID_CENTRAL-EUROPE_Y20X00_FL300,53.06259116666667,0.7634703333333334,9144.0,0
GRID_CENTRAL-EUROPE_Y20X01_FL300,53.06259116666667,1.3525110000000002,9144.0,0
GRID_CENTRAL-EUROPE_Y20X02_FL300,53.06259116666667,1.9415516666666668,9144.0,0
GRID_CENTRAL-EUROPE_Y20X03_FL300,53.06259116666667,2.5305923333333338,9144.0,0
GRID_CENTRAL-EUROPE_Y20X04_FL300,53.06259116666667,3.1196330000000003,9144.0,0
GRID_CENTRAL-EUROPE_Y20X05_FL300,53.06259116666667,3.7086736666666673,9144.0,0
GRID_CENTRAL-EUROPE_Y20X06_FL300,53.06259116666667,4.297714333333333,9144.0,0
GRID_CENTRAL-EUROPE_Y20X07_FL300,53.06259116666667,4.886755000000001,9144.0,0
GRID_CENTRAL-EUROPE_Y20X08_FL300,53.06259116666667,5.475795666666668,9144.0,0
GRID_CENTRAL-EUROPE_Y20X09_FL300,53.06259116666667,6.064836333333334,9144.0,0
GRID_CENTRAL-EUROPE_Y20X10_FL300,53.06259116666667,6.653877000000001,9144.0,0
GRID_CENTRAL-EUROPE_Y20X11_FL300,53.06259116666667,7.242917666666667,9144.0,0
GRID_CENTRAL-EUROPE_Y20X12_FL300,53.06259116666667,7.8319583333333345,9144.0,0
GRID_CENTRAL-EUROPE_Y20X13_FL300,53.06259116666667,8.420999000000002,9144.0,0
GRID_CENTRAL-EUROPE_Y20X14_FL300,53.06259116666667,9.010039666666668,9144.0,0
GRID_CENTRAL-EUROPE_Y20X15_FL300,53.06259116666667,9.599080333333335,9144.0,0
GRID_CENTRAL-EUROPE_Y20X16_FL300,53.06259116666667,10.188121,9144.0,0
GRID_CENTRAL-EUROPE_Y20X17_FL300,53.06259116666667,10.777161666666668,9144.0,0
GRID_CENTRAL-EUROPE_Y20X18_FL300,53.06259116666667,11.366202333333336,9144.0,0
GRID_CENTRAL-EUROPE_Y20X19_FL300,53.06259116666667,11.955243000000001,9144.0,0
GRID_CENTRAL-EUROPE_Y20X20_FL300,53.06259116666667,12.544283666666669,9144.0,0
GRID_CENTRAL-EUROPE_Y20X21_FL300,53.06259116666667,13.133324333333334,9144.0,0
GRID_CENTRAL-EUROPE_Y20X22_FL300,53.06259116666667,13.722365000000002,9144.0,0
GRID_CENTRAL-EUROPE_Y20X23_FL300,53.06259116666667,14.31140566666667,9144.0,0
GRID_CENTRAL-EUROPE_Y20X24_FL300,53.06259116666667,14.900446333333335,9144.0,0
GRID_CENTRAL-EUROPE_Y20X25_FL300,53.06259116666667,15.489487000000002,9144.0,0
GRID_CENTRAL-EUROPE_Y20X26_FL300,53.06259116666667,16.07852766666667,9144.0,0
GRID_CENTRAL-EUROPE_Y20X27_FL300,53.06259116666667,16.667568333333335,9144.0,0
GRID_CENTRAL-EUROPE_Y20X28_FL300,53.06259116666667,17.256609,9144.0,0
GRID_CENTRAL-EUROPE_Y20X29_FL300,53.06259116666667,17.84564966666667,9144.0,0
GRID_CENTRAL-EUROPE_Y21X00_FL300,53.439806833333336,0.7634703333333334,9144.0,0
GRID_CENTRAL-EUROPE_Y21X01_FL300,53.439806833333336,1.3525110000000002,9144.0,0
GRID_CENTRAL-EUROPE_Y21X02_FL300,53.439806833333336,1.9415516666666668,9144.0,0
GRID_CENTRAL-EUROPE_Y21X03_FL300,53.439806833333336,2.5305923333333338,9144.0,0
GRID_CENTRAL-EUROPE_Y21X04_FL300,53.439806833333336,3.1196330000000003,9144.0,0
GRID_CENTRAL-EUROPE_Y21X05_FL300,53.439806833333336,3.7086736666666673,9144.0,0
GRID_CENTRAL-EUROPE_Y21X06_FL300,53.439806833333336,4.297714333333333,9144.0,0
GRID_CENTRAL-EUROPE_Y21X07_FL300,53.439806833333336,4.886755000000001,9144.0,0
GRID_CENTRAL-EUROPE_Y21X08_FL300,53.439806833333336,5.475795666666668,9144.0,0
GRID_CENTRAL-EUROPE_Y21X09_FL300,53.439806833333336,6.064836333333334,9144.0,0
GRID_CENTRAL-EUROPE_Y21X10_FL300,53.439806833333336,6.653877000000001,9144.0,0
GRID_CENTRAL-EUROPE_Y21X11_FL300,53.439806833333336,7.242917666666667,9144.0,0
GRID_CENTRAL-EUROPE_Y21X12_FL300,53.439806833333336,7.8319583333333345,9144.0,0
GRID_CENTRAL-EUROPE_Y21X13_FL300,53.439806833333336,8.420999000000002,9144.0,0
GRID_CENTRAL-EUROPE_Y21X14_FL300,53.439806833333336,9.010039666666668,9144.0,0
GRID_CENTRAL-EUROPE_Y21X15_FL300,53.439806833333336,9.599080333333335,9144.0,0
GRID_CENTRAL-EUROPE_Y21X16_FL300,53.439806833333336,10.188121,9144.0,0
GRID_CENTRAL-EUROPE_Y21X17_FL300,53.439806833333336,10.777161666666668,9144.0,0
GRID_CENTRAL-EUROPE_Y21X18_FL300,53.439806833333336,11.366202333333336,9144.0,0
GRID_CENTRAL-EUROPE_Y21X19_FL300,53.439806833333336,11.955243000000001,9144.0,0
GRID_CENTRAL-EUROPE_Y21X20_FL300,53.439806833333336,12.544283666666669,9144.0,0
GRID_CENTRAL-EUROPE_Y21X21_FL300,53.439806833333336,13.133324333333334,9144.0,0
GRID_CENTRAL-EUROPE_Y21X22_FL300,53.439806833333336,13.722365000000002,9144.0,0
GRID_CENTRAL-EUROPE_Y21X23_FL300,53.439806833333336,14.31140566666667,9144.0,0
GRID_CENTRAL-EUROPE_Y21X24_FL300,53.439806833333336,14.900446333333335,9144.0,0
GRID_CENTRAL-EUROPE_Y21X25_FL300,53.439806833333336,15.489487000000002,9144.0,0
GRID_CENTRAL-EUROPE_Y21X26_FL300,53.439806833333336,16.07852766666667,9144.0,0
GRID_CENTRAL-EUROPE_Y21X27_FL300,53.439806833333336,16.667568333333335,9144.0,0
GRID_CENTRAL-EUROPE_Y21X28_FL300,53.439806833333336,17.256609,9144.0,0
GRID_CENTRAL-EUROPE_Y21X29_FL300,53.439806833333336,17.84564966666667,9144.0,0
GRID_CENTRAL-EUROPE_Y22X00_FL300,53.8170225,0.7634703333333334,9144.0,0
GRID_CENTRAL-EUROPE_Y22X01_FL300,53.8170225,1.3525110000000002,9144.0,0
GRID_CENTRAL-EUROPE_Y22X02_FL300,53.8170225,1.9415516666666668,9144.0,0
GRID_CENTRAL-EUROPE_Y22X03_FL300,53.8170225,2.5305923333333338,9144.0,0
GRID_CENTRAL-EUROPE_Y22X04_FL300,53.8170225,3.1196330000000003,9144.0,0
GRID_CENTRAL-EUROPE_Y22X05_FL300,53.8170225,3.7086736666666673,9144.0,0
GRID_CENTRAL-EUROPE_Y22X06_FL300,53.8170225,4.297714333333333,9144.0,0
GRID_CENTRAL-EUROPE_Y22X07_FL300,53.8170225,4.886755000000001,9144.0,0
GRID_CENTRAL-EUROPE_Y22X08_FL300,53.8170225,5.475795666666668,9144.0,0
GRID_CENTRAL-EUROPE_Y22X09_FL300,53.8170225,6.064836333333334,9144.0,0
GRID_CENTRAL-EUROPE_Y22X10_FL300,53.8170225,6.653877000000001,9144.0,0
GRID_CENTRAL-EUROPE_Y22X11_FL300,53.8170225,7.242917666666667,9144.0,0
GRID_CENTRAL-EUROPE_Y22X12_FL300,53.8170225,7.8319583333333345,9144.0,0
GRID_CENTRAL-EUROPE_Y22X13_FL300,53.8170225,8.420999000000002,9144.0,0
GRID_CENTRAL-EUROPE_Y22X14_FL300,53.8170225,9.010039666666668,9144.0,0
GRID_CENTRAL-EUROPE_Y22X15_FL300,53.8170225,9.599080333333335,9144.0,0
GRID_CENTRAL-EUROPE_Y22X16_FL300,53.8170225,10.188121,9144.0,0
GRID_CENTRAL-EUROPE_Y22X17_FL300,53.8170225,10.777161666666668,9144.0,0
GRID_CENTRAL-EUROPE_Y22X18_FL300,53.8170225,11.366202333333336,9144.0,0
GRID_CENTRAL-EUROPE_Y22X19_FL300,53.8170225,11.955243000000001,9144.0,0
GRID_CENTRAL-EUROPE_Y22X20_FL300,53.8170225,12.544283666666669,9144.0,0
GRID_CENTRAL-EUROPE_Y22X21_FL300,53.8170225,13.133324333333334,9144.0,0
GRID_CENTRAL-EUROPE_Y22X22_FL300,53.8170225,13.722365000000002,9144.0,0
GRID_CENTRAL-EUROPE_Y22X23_FL300,53.8170225,14.31140566666667,9144.0,0
GRID_CENTRAL-EUROPE_Y22X24_FL300,53.8170225,14.900446333333335,9144.0,0
GRID_CENTRAL-EUROPE_Y22X25_FL300,53.8170225,15.489487000000002,9144.0,0
GRID_CENTRAL-EUROPE_Y22X26_FL300,53.8170225,16.07852766666667,9144.0,0
GRID_CENTRAL-EUROPE_Y22X27_FL300,53.8170225,16.667568333333335,9144.0,0
GRID_CENTRAL-EUROPE_Y22X28_FL300,53.8170225,17.256609,9144.0,0
GRID_CENTRAL-EUROPE_Y22X29_FL300,53.8170225,17.84564966666667,9144.0,0
GRID_CENTRAL-EUROPE_Y23X00_FL300,54.194238166666665,0.7634703333333334,9144.0,0
GRID_CENTRAL-EUROPE_Y23X01_FL300,54.194238166666665,1.3525110000000002,9144.0,0
GRID_CENTRAL-EUROPE_Y23X02_FL300,54.194238166666665,1.9415516666666668,9144.0,0
GRID_CENTRAL-EUROPE_Y23X03_FL300,54.194238166666665,2.5305923333333338,9144.0,0
GRID_CENTRAL-EUROPE_Y23X04_FL300,54.194238166666665,3.1196330000000003,9144.0,0
GRID_CENTRAL-EUROPE_Y23X05_FL300,54.194238166666665,3.7086736666666673,9144.0,0
GRID_CENTRAL-EUROPE_Y23X06_FL300,54.194238166666665,4.297714333333333,9144.0,0
GRID_CENTRAL-EUROPE_Y23X07_FL300,54.194238166666665,4.886755000000001,9144.0,0
GRID_CENTRAL-EUROPE_Y23X08_FL300,54.194238166666665,5.475795666666668,9144.0,0
GRID_CENTRAL-EUROPE_Y23X09_FL300,54.194238166666665,6.064836333333334,9144.0,0
GRID_CENTRAL-EUROPE_Y23X10_FL300,54.194238166666665,6.653877000000001,9144.0,0
GRID_CENTRAL-EUROPE_Y23X11_FL300,54.194238166666665,7.242917666666667,9144.0,0
GRID_CENTRAL-EUROPE_Y23X12_FL300,54.194238166666665,7.8319583333333345,9144.0,0
GRID_CENTRAL-EUROPE_Y23X13_FL300,54.194238166666665,8.420999000000002,9144.0,0
GRID_CENTRAL-EUROPE_Y23X14_FL300,54.194238166666665,9.010039666666668,9144.0,0
GRID_CENTRAL-EUROPE_Y23X15_FL300,54.194238166666665,9.599080333333335,9144.0,0
GRID_CENTRAL-EUROPE_Y23X16_FL300,54.194238166666665,10.188121,9144.0,0
GRID_CENTRAL-EUROPE_Y23X17_FL300,54.194238166666665,10.777161666666668,9144.0,0
GRID_CENTRAL-EUROPE_Y23X18_FL300,54.194238166666665,11.366202333333336,9144.0,0
GRID_CENTRAL-EUROPE_Y23X19_FL300,54.194238166666665,11.955243000000001,9144.0,0
GRID_CENTRAL-EUROPE_Y23X20_FL300,54.194238166666665,12.544283666666669,9144.0,0
GRID_CENTRAL-EUROPE_Y23X21_FL300,54.194238166666665,13.133324333333334,9144.0,0
GRID_CENTRAL-EUROPE_Y23X22_FL300,54.194238166666665,13.722365000000002,9144.0,0
GRID_CENTRAL-EUROPE_Y23X23_FL300,54.194238166666665,14.31140566666667,9144.0,0
GRID_CENTRAL-EUROPE_Y23X24_FL300,54.194238166666665,14.900446333333335,9144.0,0
GRID_CENTRAL-EUROPE_Y23X25_FL300,54.194238166666665,15.489487000000002,9144.0,0
GRID_CENTRAL-EUROPE_Y23X26_FL300,54.194238166666665,16.07852766666667,9144.0,0
GRID_CENTRAL-EUROPE_Y23X27_FL300,54.194238166666665,16.667568333333335,9144.0,0
GRID_CENTRAL-EUROPE_Y23X28_FL300,54.194238166666665,17.256609,9144.0,0
GRID_CENTRAL-EUROPE_Y23X29_FL300,54.194238166666665,17.84564966666667,9144.0,0
GRID_CENTRAL-EUROPE_Y24X00_FL300,54.57145383333334,0.7634703333333334,9144.0,0
GRID_CENTRAL-EUROPE_Y24X01_FL300,54.57145383333334,1.3525110000000002,9144.0,0
GRID_CENTRAL-EUROPE_Y24X02_FL300,54.57145383333334,1.9415516666666668,9144.0,0
GRID_CENTRAL-EUROPE_Y24X03_FL300,54.57145383333334,2.5305923333333338,9144.0,0
GRID_CENTRAL-EUROPE_Y24X04_FL300,54.57145383333334,3.1196330000000003,9144.0,0
GRID_CENTRAL-EUROPE_Y24X05_FL300,54.57145383333334,3.7086736666666673,9144.0,0
GRID_CENTRAL-EUROPE_Y24X06_FL300,54.57145383333334,4.297714333333333,9144.0,0
GRID_CENTRAL-EUROPE_Y24X07_FL300,54.57145383333334,4.886755000000001,9144.0,0
GRID_CENTRAL-EUROPE_Y24X08_FL300,54.57145383333334,5.475795666666668,9144.0,0
GRID_CENTRAL-EUROPE_Y24X09_FL300,54.57145383333334,6.064836333333334,9144.0,0
GRID_CENTRAL-EUROPE_Y24X10_FL300,54.57145383333334,6.653877000000001,9144.0,0
GRID_CENTRAL-EUROPE_Y24X11_FL300,54.57145383333334,7.242917666666667,9144.0,0
GRID_CENTRAL-EUROPE_Y24X12_FL300,54.57145383333334,7.8319583333333345,9144.0,0
GRID_CENTRAL-EUROPE_Y24X13_FL300,54.57145383333334,8.420999000000002,9144.0,0
GRID_CENTRAL-EUROPE_Y24X14_FL300,54.57145383333334,9.010039666666668,9144.0,0
GRID_CENTRAL-EUROPE_Y24X15_FL300,54.57145383333334,9.599080333333335,9144.0,0
GRID_CENTRAL-EUROPE_Y24X16_FL300,54.57145383333334,10.188121,9144.0,0
GRID_CENTRAL-EUROPE_Y24X17_FL300,54.57145383333334,10.777161666666668,9144.0,0
GRID_CENTRAL-EUROPE_Y24X18_FL300,54.57145383333334,11.366202333333336,9144.0,0
GRID_CENTRAL-EUROPE_Y24X19_FL300,54.57145383333334,11.955243000000001,9144.0,0
GRID_CENTRAL-EUROPE_Y24X20_FL300,54.57145383333334,12.544283666666669,9144.0,0
GRID_CENTRAL-EUROPE_Y24X21_FL300,54.57145383333334,13.133324333333334,9144.0,0
GRID_CENTRAL-EUROPE_Y24X22_FL300,54.57145383333334,13.722365000000002,9144.0,0
GRID_CENTRAL-EUROPE_Y24X23_FL300,54.57145383333334,14.31140566666667,9144.0,0
GRID_CENTRAL-EUROPE_Y24X24_FL300,54.57145383333334,14.900446333333335,9144.0,0
GRID_CENTRAL-EUROPE_Y24X25_FL300,54.57145383333334,15.489487000000002,9144.0,0
GRID_CENTRAL-EUROPE_Y24X26_FL300,54.57145383333334,16.07852766666667,9144.0,0
GRID_CENTRAL-EUROPE_Y24X27_FL300,54.57145383333334,16.667568333333335,9144.0,0
GRID_CENTRAL-EUROPE_Y24X28_FL300,54.57145383333334,17.256609,9144.0,0
GRID_CENTRAL-EUROPE_Y24X29_FL300,54.57145383333334,17.84564966666667,9144.0,0
GRID_CENTRAL-EUROPE_Y25X00_FL300,54.9486695,0.7634703333333334,9144.0,0
GRID_CENTRAL-EUROPE_Y25X01_FL300,54.9486695,1.3525110000000002,9144.0,0
GRID_CENTRAL-EUROPE_Y25X02_FL300,54.9486695,1.9415516666666668,9144.0,0
GRID_CENTRAL-EUROPE_Y25X03_FL300,54.9486695,2.5305923333333338,9144.0,0
GRID_CENTRAL-EUROPE_Y25X04_FL300,54.9486695,3.1196330000000003,9144.0,0
GRID_CENTRAL-EUROPE_Y25X05_FL300,54.9486695,3.7086736666666673,9144.0,0
GRID_CENTRAL-EUROPE_Y25X06_FL300,54.9486695,4.297714333333333,9144.0,0
GRID_CENTRAL-EUROPE_Y25X07_FL300,54.9486695,4.886755000000001,9144.0,0
GRID_CENTRAL-EUROPE_Y25X08_FL300,54.9486695,5.475795666666668,9144.0,0
GRID_CENTRAL-EUROPE_Y25X09_FL300,54.9486695,6.064836333333334,9144.0,0
GRID_CENTRAL-EUROPE_Y25X10_FL300,54.9486695,6.653877000000001,9144.0,0
GRID_CENTRAL-EUROPE_Y25X11_FL300,54.9486695,7.242917666666667,9144.0,0
GRID_CENTRAL-EUROPE_Y25X12_FL300,54.9486695,7.8319583333333345,9144.0,0
GRID_CENTRAL-EUROPE_Y25X13_FL300,54.9486695,8.420999000000002,9144.0,0
GRID_CENTRAL-EUROPE_Y25X14_FL300,54.9486695,9.010039666666668,9144.0,0
GRID_CENTRAL-EUROPE_Y25X15_FL300,54.9486695,9.599080333333335,9144.0,0
GRID_CENTRAL-EUROPE_Y25X16_FL300,54.9486695,10.188121,9144.0,0
GRID_CENTRAL-EUROPE_Y25X17_FL300,54.9486695,10.777161666666668,9144.0,0
GRID_CENTRAL-EUROPE_Y25X18_FL300,54.9486695,11.366202333333336,9144.0,0
GRID_CENTRAL-EUROPE_Y25X19_FL300,54.9486695,11.955243000000001,9144.0,0
GRID_CENTRAL-EUROPE_Y25X20_FL300,54.9486695,12.544283666666669,9144.0,0
GRID_CENTRAL-EUROPE_Y25X21_FL300,54.9486695,13.133324333333334,9144.0,0
GRID_CENTRAL-EUROPE_Y25X22_FL300,54.9486695,13.722365000000002,9144.0,0
GRID_CENTRAL-EUROPE_Y25X23_FL300,54.9486695,14.31140566666667,9144.0,0
GRID_CENTRAL-EUROPE_Y25X24_FL300,54.9486695,14.900446333333335,9144.0,0
GRID_CENTRAL-EUROPE_Y25X25_FL300,54.9486695,15.489487000000002,9144.0,0
GRID_CENTRAL-EUROPE_Y25X26_FL300,54.9486695,16.07852766666667,9144.0,0
GRID_CENTRAL-EUROPE_Y25X27_FL300,54.9486695,16.667568333333335,9144.0,0
GRID_CENTRAL-EUROPE_Y25X28_FL300,54.9486695,17.256609,9144.0,0
GRID_CENTRAL-EUROPE_Y25X29_FL300,54.9486695,17.84564966666667,9144.0,0
GRID_CENTRAL-EUROPE_Y26X00_FL300,55.325885166666666,0.7634703333333334,9144.0,0
GRID_CENTRAL-EUROPE_Y26X01_FL300,55.325885166666666,1.3525110000000002,9144.0,0
GRID_CENTRAL-EUROPE_Y26X02_FL300,55.325885166666666,1.9415516666666668,9144.0,0
GRID_CENTRAL-EUROPE_Y26X03_FL300,55.325885166666666,2.5305923333333338,9144.0,0
GRID_CENTRAL-EUROPE_Y26X04_FL300,55.325885166666666,3.1196330000000003,9144.0,0
GRID_CENTRAL-EUROPE_Y26X05_FL300,55.325885166666666,3.7086736666666673,9144.0,0
GRID_CENTRAL-EUROPE_Y26X06_FL300,55.325885166666666,4.297714333333333,9144.0,0
GRID_CENTRAL-EUROPE_Y26X07_FL300,55.325885166666666,4.886755000000001,9144.0,0
GRID_CENTRAL-EUROPE_Y26X08_FL300,55.325885166666666,5.475795666666668,9144.0,0
GRID_CENTRAL-EUROPE_Y26X09_FL300,55.325885166666666,6.064836333333334,9144.0,0
GRID_CENTRAL-EUROPE_Y26X10_FL300,55.325885166666666,6.653877000000001,9144.0,0
GRID_CENTRAL-EUROPE_Y26X11_FL300,55.325885166666666,7.242917666666667,9144.0,0
GRID_CENTRAL-EUROPE_Y26X12_FL300,55.325885166666666,7.8319583333333345,9144.0,0
GRID_CENTRAL-EUROPE_Y26X13_FL300,55.325885166666666,8.420999000000002,9144.0,0
GRID_CENTRAL-EUROPE_Y26X14_FL300,55.325885166666666,9.010039666666668,9144.0,0
GRID_CENTRAL-EUROPE_Y26X15_FL300,55.325885166666666,9.599080333333335,9144.0,0
GRID_CENTRAL-EUROPE_Y26X16_FL300,55.325885166666666,10.188121,9144.0,0
GRID_CENTRAL-EUROPE_Y26X17_FL300,55.325885166666666,10.777161666666668,9144.0,0
GRID_CENTRAL-EUROPE_Y26X18_FL300,55.325885166666666,11.366202333333336,9144.0,0
GRID_CENTRAL-EUROPE_Y26X19_FL300,55.325885166666666,11.955243000000001,9144.0,0
GRID_CENTRAL-EUROPE_Y26X20_FL300,55.325885166666666,12.544283666666669,9144.0,0
GRID_CENTRAL-EUROPE_Y26X21_FL300,55.325885166666666,13.133324333333334,9144.0,0
GRID_CENTRAL-EUROPE_Y26X22_FL300,55.325885166666666,13.722365000000002,9144.0,0
GRID_CENTRAL-EUROPE_Y26X23_FL300,55.325885166666666,14.31140566666667,9144.0,0
GRID_CENTRAL-EUROPE_Y26X24_FL300,55.325885166666666,14.900446333333335,9144.0,0
GRID_CENTRAL-EUROPE_Y26X25_FL300,55.325885166666666,15.489487000000002,9144.0,0
GRID_CENTRAL-EUROPE_Y26X26_FL300,55.325885166666666,16.07852766666667,9144.0,0
GRID_CENTRAL-EUROPE_Y26X27_FL300,55.325885166666666,16.667568333333335,9144.0,0
GRID_CENTRAL-EUROPE_Y26X28_FL300,55.325885166666666,17.256609,9144.0,0
GRID_CENTRAL-EUROPE_Y26X29_FL300,55.325885166666666,17.84564966666667,9144.0,0
GRID_CENTRAL-EUROPE_Y27X00_FL300,55.70310083333334,0.7634703333333334,9144.0,0
GRID_CENTRAL-EUROPE_Y27X01_FL300,55.70310083333334,1.3525110000000002,9144.0,0
GRID_CENTRAL-EUROPE_Y27X02_FL300,55.70310083333334,1.9415516666666668,9144.0,0
GRID_CENTRAL-EUROPE_Y27X03_FL300,55.70310083333334,2.5305923333333338,9144.0,0
GRID_CENTRAL-EUROPE_Y27X04_FL300,55.70310083333334,3.1196330000000003,9144.0,0
GRID_CENTRAL-EUROPE_Y27X05_FL300,55.70310083333334,3.7086736666666673,9144.0,0
GRID_CENTRAL-EUROPE_Y27X06_FL300,55.70310083333334,4.297714333333333,9144.0,0
GRID_CENTRAL-EUROPE_Y27X07_FL300,55.70310083333334,4.886755000000001,9144.0,0
GRID_CENTRAL-EUROPE_Y27X08_FL300,55.70310083333334,5.475795666666668,9144.0,0
GRID_CENTRAL-EUROPE_Y27X09_FL300,55.70310083333334,6.064836333333334,9144.0,0
GRID_CENTRAL-EUROPE_Y27X10_FL300,55.70310083333334,6.653877000000001,9144.0,0
GRID_CENTRAL-EUROPE_Y27X11_FL300,55.70310083333334,7.242917666666667,9144.0,0
GRID_CENTRAL-EUROPE_Y27X12_FL300,55.70310083333334,7.8319583333333345,9144.0,0
GRID_CENTRAL-EUROPE_Y27X13_FL300,55.70310083333334,8.420999000000002,9144.0,0
GRID_CENTRAL-EUROPE_Y27X14_FL300,55.70310083333334,9.010039666666668,9144.0,0
GRID_CENTRAL-EUROPE_Y27X15_FL300,55.70310083333334,9.599080333333335,9144.0,0
GRID_CENTRAL-EUROPE_Y27X16_FL300,55.70310083333334,10.188121,9144.0,0
GRID_CENTRAL-EUROPE_Y27X17_FL300,55.70310083333334,10.777161666666668,9144.0,0
GRID_CENTRAL-EUROPE_Y27X18_FL300,55.70310083333334,11.366202333333336,9144.0,0
GRID_CENTRAL-EUROPE_Y27X19_FL300,55.70310083333334,11.955243000000001,9144.0,0
GRID_CENTRAL-EUROPE_Y27X20_FL300,55.70310083333334,12.544283666666669,9144.0,0
GRID_CENTRAL-EUROPE_Y27X21_FL300,55.70310083333334,13.133324333333334,9144.0,0
GRID_CENTRAL-EUROPE_Y27X22_FL300,55.70310083333334,13.722365000000002,9144.0,0
GRID_CENTRAL-EUROPE_Y27X23_FL300,55.70310083333334,14.31140566666667,9144.0,0
GRID_CENTRAL-EUROPE_Y27X24_FL300,55.70310083333334,14.900446333333335,9144.0,0
GRID_CENTRAL-EUROPE_Y27X25_FL300,55.70310083333334,15.489487000000002,9144.0,0
GRID_CENTRAL-EUROPE_Y27X26_FL300,55.70310083333334,16.07852766666667,9144.0,0
GRID_CENTRAL-EUROPE_Y27X27_FL300,55.70310083333334,16.667568333333335,9144.0,0
GRID_CENTRAL-EUROPE_Y27X28_FL300,55.70310083333334,17.256609,9144.0,0
GRID_CENTRAL-EUROPE_Y27X29_FL300,55.70310083333334,17.84564966666667,9144.0,0
GRID_CENTRAL-EUROPE_Y28X00_FL300,56.0803165,0.7634703333333334,9144.0,0
GRID_CENTRAL-EUROPE_Y28X01_FL300,56.0803165,1.3525110000000002,9144.0,0
GRID_CENTRAL-EUROPE_Y28X02_FL300,56.0803165,1.9415516666666668,9144.0,0
GRID_CENTRAL-EUROPE_Y28X03_FL300,56.0803165,2.5305923333333338,9144.0,0
GRID_CENTRAL-EUROPE_Y28X04_FL300,56.0803165,3.1196330000000003,9144.0,0
GRID_CENTRAL-EUROPE_Y28X05_FL300,56.0803165,3.7086736666666673,9144.0,0
GRID_CENTRAL-EUROPE_Y28X06_FL300,56.0803165,4.297714333333333,9144.0,0
GRID_CENTRAL-EUROPE_Y28X07_FL300,56.0803165,4.886755000000001,9144.0,0
GRID_CENTRAL-EUROPE_Y28X08_FL300,56.0803165,5.475795666666668,9144.0,0
GRID_CENTRAL-EUROPE_Y28X09_FL300,56.0803165,6.064836333333334,9144.0,0
GRID_CENTRAL-EUROPE_Y28X10_FL300,56.0803165,6.653877000000001,9144.0,0
GRID_CENTRAL-EUROPE_Y28X11_FL300,56.0803165,7.242917666666667,9144.0,0
GRID_CENTRAL-EUROPE_Y28X12_FL300,56.0803165,7.8319583333333345,9144.0,0
GRID_CENTRAL-EUROPE_Y28X13_FL300,56.0803165,8.420999000000002,9144.0,0
GRID_CENTRAL-EUROPE_Y28X14_FL300,56.0803165,9.010039666666668,9144.0,0
GRID_CENTRAL-EUROPE_Y28X15_FL300,56.0803165,9.599080333333335,9144.0,0
GRID_CENTRAL-EUROPE_Y28X16_FL300,56.0803165,10.188121,9144.0,0
GRID_CENTRAL-EUROPE_Y28X17_FL300,56.0803165,10.777161666666668,9144.0,0
GRID_CENTRAL-EUROPE_Y28X18_FL300,56.0803165,11.366202333333336,9144.0,0
GRID_CENTRAL-EUROPE_Y28X19_FL300,56.0803165,11.955243000000001,9144.0,0
GRID_CENTRAL-EUROPE_Y28X20_FL300,56.0803165,12.544283666666669,9144.0,0
GRID_CENTRAL-EUROPE_Y28X21_FL300,56.0803165,13.133324333333334,9144.0,0
GRID_CENTRAL-EUROPE_Y28X22_FL300,56.0803165,13.722365000000002,9144.0,0
GRID_CENTRAL-EUROPE_Y28X23_FL300,56.0803165,14.31140566666667,9144.0,0
GRID_CENTRAL-EUROPE_Y28X24_FL300,56.0803165,14.900446333333335,9144.0,0
GRID_CENTRAL-EUROPE_Y28X25_FL300,56.0803165,15.489487000000002,9144.0,0
GRID_CENTRAL-EUROPE_Y28X26_FL300,56.0803165,16.07852766666667,9144.0,0
GRID_CENTRAL-EUROPE_Y28X27_FL300,56.0803165,16.667568333333335,9144.0,0
GRID_CENTRAL-EUROPE_Y28X28_FL300,56.0803165,17.256609,9144.0,0
GRID_CENTRAL-EUROPE_Y28X29_FL300,56.0803165,17.84564966666667,9144.0,0
GRID_CENTRAL-EUROPE_Y29X00_FL300,56.45753216666667,0.7634703333333334,9144.0,0
GRID_CENTRAL-EUROPE_Y29X01_FL300,56.45753216666667,1.3525110000000002,9144.0,0
GRID_CENTRAL-EUROPE_Y29X02_FL300,56.45753216666667,1.9415516666666668,9144.0,0
GRID_CENTRAL-EUROPE_Y29X03_FL300,56.45753216666667,2.5305923333333338,9144.0,0
GRID_CENTRAL-EUROPE_Y29X04_FL300,56.45753216666667,3.1196330000000003,9144.0,0
GRID_CENTRAL-EUROPE_Y29X05_FL300,56.45753216666667,3.7086736666666673,9144.0,0
GRID_CENTRAL-EUROPE_Y29X06_FL300,56.45753216666667,4.297714333333333,9144.0,0
GRID_CENTRAL-EUROPE_Y29X07_FL300,56.45753216666667,4.886755000000001,9144.0,0
GRID_CENTRAL-EUROPE_Y29X08_FL300,56.45753216666667,5.475795666666668,9144.0,0
GRID_CENTRAL-EUROPE_Y29X09_FL300,56.45753216666667,6.064836333333334,9144.0,0
GRID_CENTRAL-EUROPE_Y29X10_FL300,56.45753216666667,6.653877000000001,9144.0,0
GRID_CENTRAL-EUROPE_Y29X11_FL300,56.45753216666667,7.242917666666667,9144.0,0
GRID_CENTRAL-EUROPE_Y29X12_FL300,56.45753216666667,7.8319583333333345,9144.0,0
GRID_CENTRAL-EUROPE_Y29X13_FL300,56.45753216666667,8.420999000000002,9144.0,0
GRID_CENTRAL-EUROPE_Y29X14_FL300,56.45753216666667,9.010039666666668,9144.0,0
GRID_CENTRAL-EUROPE_Y29X15_FL300,56.45753216666667,9.599080333333335,9144.0,0
GRID_CENTRAL-EUROPE_Y29X16_FL300,56.45753216666667,10.188121,9144.0,0
GRID_CENTRAL-EUROPE_Y29X17_FL300,56.45753216666667,10.777161666666668,9144.0,0
GRID_CENTRAL-EUROPE_Y29X18_FL300,56.45753216666667,11.366202333333336,9144.0,0
GRID_CENTRAL-EUROPE_Y29X19_FL300,56.45753216666667,11.955243000000001,9144.0,0
GRID_CENTRAL-EUROPE_Y29X20_FL300,56.45753216666667,12.544283666666669,9144.0,0
GRID_CENTRAL-EUROPE_Y29X21_FL300,56.45753216666667,13.133324333333334,9144.0,0
GRID_CENTRAL-EUROPE_Y29X22_FL300,56.45753216666667,13.722365000000002,9144.0,0
GRID_CENTRAL-EUROPE_Y29X23_FL300,56.45753216666667,14.31140566666667,9144.0,0
GRID_CENTRAL-EUROPE_Y29X24_FL300,56.45753216666667,14.900446333333335,9144.0,0
GRID_CENTRAL-EUROPE_Y29X25_FL300,56.45753216666667,15.489487000000002,9144.0,0
GRID_CENTRAL-EUROPE_Y29X26_FL300,56.45753216666667,16.07852766666667,9144.0,0
GRID_CENTRAL-EUROPE_Y29X27_FL300,56.45753216666667,16.667568333333335,9144.0,0
GRID_CENTRAL-EUROPE_Y29X28_FL300,56.45753216666667,17.256609,9144.0,0
GRID_CENTRAL-EUROPE_Y29X29_FL300,56.45753216666667,17.84564966666667,9144.0,0
